customer_id,home_country,occupation,baseline_avg_amount,baseline_monthly_freq,is_pep,sanctions_match,high_risk_entity,account_age_days
C100000,AE,business_owner,131041.80521210104,6,False,False,False,2419
C100001,IN,salaried,20400.708972000608,6,False,False,False,2415
C100002,SG,freelancer,2155.866454385798,7,False,False,False,631
C100003,UK,retired,11289.752434675494,4,False,False,False,1211
C100004,IN,retired,19197.453744063332,8,False,False,False,1769
C100005,JP,student,10023.427542667334,4,False,False,False,598
C100006,AE,trader,480802.0659327549,10,False,False,False,1409
C100007,AE,retired,22595.137046530548,4,False,False,False,903
C100008,IN,retired,14138.37008884571,2,False,False,False,1436
C100009,IN,business_owner,164465.0946867207,9,False,False,False,1600
C100010,IN,student,29404.128734016715,7,False,False,False,2191
C100011,DE,salaried,12295.702535096636,4,False,False,False,1183
C100012,US,freelancer,11630.284182288746,5,False,False,False,721
C100013,AE,student,1816.6930582469545,7,False,False,False,203
C100014,IN,freelancer,10630.138093532963,7,False,False,False,1750
C100015,IN,student,5180.7845178204825,7,False,False,False,2019
C100016,US,salaried,15597.418197807681,5,False,False,False,1029
C100017,IN,freelancer,14868.638837666607,6,False,False,False,2161
C100018,AE,retired,21744.128134025625,5,False,False,False,1188
C100019,US,freelancer,35513.540680696395,8,False,False,False,1198
C100020,AE,student,13116.305098301313,7,False,False,False,120
C100021,IN,trader,164338.8507799272,8,False,False,False,1311
C100022,JP,retired,15720.42359165091,6,False,False,False,1489
C100023,DE,trader,75296.04090509645,10,False,False,False,1231
C100024,AE,student,9014.139575409918,11,False,False,False,1346
C100025,IN,salaried,10291.538274010134,4,False,False,False,1326
C100026,IN,business_owner,332752.09961867926,8,False,False,False,1749
C100027,IN,salaried,6883.792880821346,6,False,False,False,261
C100028,IN,retired,10844.538650200455,4,False,False,False,1328
C100029,UK,business_owner,17242.329134419986,6,False,False,False,1086
C100030,UK,business_owner,30029.702185331877,6,False,False,False,869
C100031,FR,student,23576.14717972845,9,False,False,False,1122
C100032,IN,trader,52108.75142765669,7,False,False,False,1699
C100033,IN,salaried,30230.208793262907,8,False,False,False,2494
C100034,IN,salaried,10596.535353432468,9,False,False,False,556
C100035,IN,business_owner,37955.069859552685,8,False,False,False,126
C100036,IN,student,5142.02392058942,12,False,False,False,876
C100037,IN,freelancer,5054.9891714561245,7,False,False,False,783
C100038,IN,student,5712.081771959274,10,False,False,False,177
C100039,US,business_owner,50669.694953788654,9,False,False,False,1242
C100040,IN,trader,49357.21935716177,6,False,False,False,1297
C100041,SG,salaried,8764.81371239571,5,False,False,False,2118
C100042,UK,trader,11723.402981285359,9,False,False,False,1748
C100043,IN,freelancer,11484.888781639156,5,False,False,False,1155
C100044,SG,retired,19949.905518088024,8,False,False,False,1645
C100045,AE,trader,167053.92945789453,13,False,False,False,731
C100046,IN,retired,9196.77473655199,6,False,False,False,395
C100047,IN,freelancer,5209.417455070914,10,False,False,False,1340
C100048,UK,business_owner,180119.9071997432,6,False,False,False,1244
C100049,IN,student,30461.6327182029,6,False,False,False,746
C100050,IN,trader,73766.93677066785,2,False,False,False,2249
C100051,IN,salaried,7959.343836390852,6,False,False,True,1373
C100052,AE,student,31738.977570447478,4,False,False,False,1421
C100053,US,student,8869.294625813565,7,False,False,False,1726
C100054,UK,salaried,36097.13959686358,8,False,False,False,729
C100055,AE,student,35686.397920342424,14,False,False,False,1329
C100056,IN,student,13893.941189732446,6,False,False,False,2242
C100057,US,retired,4679.821891612887,7,False,False,False,1526
C100058,IN,business_owner,184752.1916893255,3,False,False,False,2130
C100059,IN,freelancer,17519.91020838699,8,False,False,False,101
C100060,US,freelancer,10649.615665027943,10,False,False,True,1802
C100061,IN,freelancer,26089.53461625568,6,False,False,False,1648
C100062,US,freelancer,21842.479440596973,11,False,False,False,2244
C100063,AE,freelancer,33444.975497131716,4,False,False,False,2424
C100064,US,freelancer,8403.104903671967,3,False,False,False,352
C100065,US,retired,16696.115873731476,5,False,False,False,1231
C100066,US,freelancer,5824.863465898958,9,False,False,False,2331
C100067,IN,salaried,21299.39775785884,4,False,False,False,2007
C100068,IN,salaried,13146.860202964963,5,False,False,False,257
C100069,IN,student,16263.953217201264,6,False,False,False,1374
C100070,IN,student,12058.863073341608,11,False,False,False,874
C100071,IN,freelancer,11207.156490441857,13,False,False,False,1761
C100072,SG,business_owner,66066.37926920183,13,False,False,False,1284
C100073,IN,retired,23232.353887723293,6,False,False,False,778
C100074,IN,salaried,37903.27601475627,7,False,False,False,1046
C100075,IN,trader,21232.178278831623,9,False,False,False,2417
C100076,IN,business_owner,64429.54459990513,6,False,False,False,917
C100077,US,salaried,18079.401621855537,7,False,False,False,541
C100078,US,retired,13435.671053287448,4,False,False,False,285
C100079,AE,freelancer,4588.842013774198,6,False,False,False,401
C100080,US,business_owner,174315.8616351871,7,False,False,False,137
C100081,IN,freelancer,7733.467625438184,5,False,False,False,118
C100082,AE,salaried,2989.007565813331,8,False,False,False,1335
C100083,IN,trader,25512.14781886834,7,False,False,False,1355
C100084,IN,freelancer,17281.507193937086,4,False,False,False,1990
C100085,IN,trader,367227.2224946939,8,False,False,False,1549
C100086,UK,retired,2883.715732673166,10,False,False,False,482
C100087,IN,business_owner,76586.32821677842,7,False,False,False,1625
C100088,IN,salaried,13337.848548895243,6,False,False,False,1111
C100089,IN,freelancer,53068.721029305496,6,False,False,False,434
C100090,IN,student,8192.292587498403,8,False,False,False,1627
C100091,UK,trader,74566.00301210558,8,False,True,True,1630
C100092,IN,salaried,9547.821713472333,5,False,False,False,1060
C100093,IN,student,13886.431364028247,10,False,False,False,416
C100094,IN,trader,60617.89693556682,7,False,False,False,78
C100095,US,business_owner,141114.718093527,6,False,False,False,1888
C100096,IN,freelancer,8241.408678027621,6,False,False,False,393
C100097,IN,business_owner,66190.39832984307,7,False,False,False,691
C100098,IN,student,13792.64109293385,7,False,False,False,1690
C100099,FR,business_owner,129669.40534725855,6,False,False,False,1058
C100100,DE,freelancer,8269.47062623304,9,False,False,False,2053
C100101,UK,freelancer,35763.10113385049,12,False,False,False,921
C100102,IN,business_owner,282878.16254635353,5,False,False,False,2230
C100103,FR,trader,91931.88651269018,7,False,False,False,922
C100104,AE,salaried,14649.192859319299,5,False,False,False,211
C100105,UK,freelancer,9378.428705871096,5,False,False,False,1803
C100106,IN,retired,13343.998773085863,10,False,False,False,1651
C100107,IN,student,9800.48186558431,10,False,False,False,2494
C100108,IN,business_owner,29451.23075293974,2,False,False,False,252
C100109,DE,business_owner,144109.09750328027,4,False,False,False,1320
C100110,IN,freelancer,4686.516994956313,4,False,False,False,1775
C100111,IN,retired,4123.276467965753,10,False,False,False,1005
C100112,IN,student,3989.0057500291546,6,False,False,False,659
C100113,US,salaried,20590.385659787116,8,False,False,False,737
C100114,IN,business_owner,149329.45324797372,7,False,False,False,31
C100115,SG,business_owner,92591.23021355274,7,False,False,False,1563
C100116,AE,business_owner,18084.573309348318,13,False,False,False,1946
C100117,UK,trader,105176.88572093811,5,False,False,True,1130
C100118,IN,student,18158.311020803732,3,False,False,False,103
C100119,US,salaried,14925.291603059395,4,True,False,False,1933
C100120,US,retired,2004.578674101305,7,False,False,False,2271
C100121,US,freelancer,10651.567372183998,4,False,False,False,1518
C100122,IN,freelancer,17990.015595534587,6,False,False,False,222
C100123,IN,retired,42116.630588714455,8,False,False,False,1032
C100124,IN,salaried,43500.17898246556,9,False,False,False,1424
C100125,IN,retired,5145.071990486723,7,False,False,False,2382
C100126,IN,business_owner,63349.22467731906,7,False,False,False,1250
C100127,IN,freelancer,4463.638994594398,9,False,False,False,33
C100128,IN,retired,38712.56690670123,8,False,False,True,1762
C100129,US,freelancer,27146.389842326764,5,False,False,True,1725
C100130,IN,business_owner,189090.5988290379,6,False,False,False,592
C100131,DE,trader,19049.040829186124,8,False,False,False,1029
C100132,US,trader,9212.333965557344,7,False,False,False,112
C100133,IN,salaried,31192.333933035625,9,False,False,False,308
C100134,US,retired,30050.401100939584,8,False,False,False,781
C100135,IN,salaried,18392.08893297576,6,False,False,False,236
C100136,FR,trader,34188.63328016833,2,False,False,False,693
C100137,IN,freelancer,22856.42143427972,6,False,False,False,1625
C100138,AE,salaried,23652.623870831667,8,False,False,False,959
C100139,IN,student,11690.756564101075,6,False,False,False,373
C100140,IN,trader,20341.598991471983,5,False,False,False,1562
C100141,IN,salaried,29534.645846444186,12,False,False,True,2140
C100142,FR,freelancer,42825.169285264376,6,False,False,False,1478
C100143,US,freelancer,7906.361387590335,6,False,False,False,780
C100144,IN,freelancer,11110.393795959886,6,False,False,False,2017
C100145,IN,retired,17079.823840789868,7,False,False,False,862
C100146,IN,trader,14087.659474591594,5,False,False,False,42
C100147,IN,retired,9268.191506466308,8,False,False,False,1652
C100148,IN,trader,203103.74776557795,10,False,False,False,1798
C100149,IN,freelancer,17952.17732281845,5,False,False,False,554
C100150,AE,salaried,19379.447687262484,5,False,False,False,945
C100151,DE,freelancer,45762.43591560065,4,False,False,False,22
C100152,IN,business_owner,51082.27567686708,11,False,False,False,1177
C100153,US,retired,12557.805287413257,6,False,False,False,1117
C100154,IN,retired,5556.226332773725,9,False,False,False,649
C100155,UK,student,11841.370689391111,6,False,False,False,1322
C100156,IN,student,4711.448765535602,5,False,False,False,1698
C100157,US,salaried,22550.094777948303,7,False,False,False,1117
C100158,UK,salaried,17925.82563700663,6,False,False,False,1990
C100159,AE,student,11004.411150447102,4,False,False,False,1147
C100160,IN,trader,36206.62844550001,6,False,False,False,1026
C100161,DE,salaried,22766.06867936879,9,False,False,False,1666
C100162,IN,business_owner,78414.11114067804,6,False,False,False,432
C100163,IN,student,15412.243534190811,8,False,False,False,2114
C100164,US,trader,38738.699737415685,8,False,False,False,1514
C100165,IN,salaried,3836.854409976516,9,False,False,False,916
C100166,AE,retired,21578.58364705059,7,False,False,False,590
C100167,AE,business_owner,41326.4880438797,6,True,False,False,1976
C100168,IN,trader,70593.09539914307,13,False,False,False,39
C100169,FR,salaried,5917.244876897002,10,False,False,False,161
C100170,IN,freelancer,36383.57099706597,5,False,False,False,1521
C100171,IN,trader,11852.1587881721,13,False,False,False,1203
C100172,IN,student,4208.523176158011,7,False,False,False,433
C100173,FR,trader,87495.19585151135,5,False,False,False,943
C100174,IN,business_owner,87182.38932742164,7,False,False,False,1958
C100175,IN,salaried,4660.026155793896,6,False,False,False,1167
C100176,IN,business_owner,84742.477882289,8,False,False,False,1322
C100177,JP,trader,46901.881968917885,6,False,False,False,233
C100178,DE,salaried,6468.05884933218,8,False,False,False,1804
C100179,UK,trader,111553.40772713277,5,False,False,False,351
C100180,DE,student,23424.919591529284,4,False,False,False,587
C100181,DE,retired,33084.75419468301,5,False,False,False,737
C100182,IN,freelancer,28910.136979342187,12,False,False,False,1080
C100183,IN,student,12000.557027803536,8,False,False,True,687
C100184,AE,retired,2442.760982186397,6,False,False,False,2040
C100185,US,freelancer,17563.832847217564,7,False,False,False,965
C100186,IN,student,37399.08872474432,3,False,False,False,93
C100187,IN,salaried,31686.73079958186,7,False,False,False,1145
C100188,UK,retired,18472.97822518515,10,False,False,False,312
C100189,IN,business_owner,29189.7597252456,6,False,False,False,556
C100190,FR,retired,9249.133009954596,6,False,False,False,1480
C100191,IN,student,51723.63326294518,9,False,False,False,1549
C100192,IN,trader,49569.50726083139,5,False,False,False,1668
C100193,SG,salaried,5982.00539041156,6,False,False,False,942
C100194,IN,trader,124769.52308269226,4,False,False,False,2095
C100195,IN,trader,188499.71145947123,8,False,False,False,155
C100196,US,student,5841.666615389006,8,False,False,False,950
C100197,SG,student,38932.3119072927,6,False,False,False,613
C100198,IN,freelancer,18448.515484773856,6,True,False,False,108
C100199,IN,student,10226.515498454051,8,False,False,False,1402
C100200,AE,trader,61988.6180380018,7,False,False,False,146
C100201,JP,trader,35473.930639682345,7,False,False,False,1519
C100202,IN,student,13133.003956871262,5,False,False,False,2137
C100203,IN,retired,35529.89180113802,5,False,False,False,2000
C100204,IN,freelancer,24972.82421558462,8,False,False,False,1704
C100205,IN,trader,23339.002756989732,7,False,False,False,617
C100206,IN,retired,9329.54214769607,5,False,False,False,1635
C100207,UK,retired,36769.369556487065,9,False,False,False,1407
C100208,IN,trader,499004.42829977465,5,False,False,False,1238
C100209,IN,salaried,3590.9024068856193,5,False,False,False,1192
C100210,UK,salaried,19630.626117021326,6,False,False,False,358
C100211,US,salaried,12272.90954950099,11,False,False,False,2122
C100212,IN,trader,69099.38908213329,9,False,False,False,2091
C100213,AE,freelancer,16046.118580192622,7,False,False,False,1826
C100214,UK,retired,5194.118705483444,8,False,False,False,1371
C100215,UK,business_owner,30587.89198897369,8,False,False,False,334
C100216,IN,retired,7639.354484711312,4,False,False,False,1588
C100217,IN,freelancer,9415.816071071302,9,False,False,False,2397
C100218,DE,salaried,12707.721177430647,9,False,False,False,335
C100219,IN,trader,123959.83886835293,6,False,False,False,891
C100220,IN,business_owner,300200.1217350962,8,False,False,False,2265
C100221,IN,student,18869.426832705838,7,False,False,False,2386
C100222,US,student,46919.756818963404,6,False,False,True,1117
C100223,FR,retired,11943.518456607846,6,False,False,False,716
C100224,IN,freelancer,9098.337890182636,7,False,False,False,720
C100225,DE,trader,35005.55141169315,6,False,False,False,1175
C100226,IN,business_owner,51365.78669855808,11,False,True,True,802
C100227,US,retired,11792.223698466616,10,False,False,False,1378
C100228,US,salaried,22115.482046919096,7,False,False,False,203
C100229,IN,business_owner,12018.79190376044,4,False,False,False,163
C100230,IN,salaried,21980.396773307908,5,False,False,False,16
C100231,IN,trader,406088.09938520135,4,False,False,False,1790
C100232,FR,business_owner,23420.13312050934,8,False,False,False,2309
C100233,US,business_owner,28816.09713764011,8,True,False,False,266
C100234,FR,trader,16863.58085940876,6,False,False,False,2287
C100235,AE,student,12365.982929065329,9,False,False,False,414
C100236,IN,freelancer,7303.659310165229,6,False,False,False,125
C100237,AE,retired,58512.155025946726,3,False,False,False,729
C100238,IN,student,4588.521184582387,12,False,False,False,734
C100239,IN,student,4921.85536343252,9,False,False,False,2402
C100240,AE,trader,15039.281540825961,5,False,False,False,285
C100241,AE,student,41668.06277788137,9,False,False,False,2432
C100242,IN,student,15255.350792592644,3,False,False,False,2155
C100243,IN,student,26890.07638192344,6,False,False,False,1225
C100244,US,trader,46675.06187458084,9,False,False,False,1684
C100245,SG,business_owner,38694.75076391194,7,False,False,False,1335
C100246,US,freelancer,3598.3710466512152,7,False,False,False,2275
C100247,IN,student,23069.984302998844,4,False,False,False,533
C100248,IN,student,4523.033026658818,10,False,False,False,2389
C100249,IN,freelancer,5461.762439537278,5,False,False,False,1048
C100250,US,salaried,19145.39782883991,6,False,False,False,2330
C100251,SG,trader,12119.516654464978,7,False,False,False,2461
C100252,IN,retired,11952.81774636729,5,False,False,False,2120
C100253,IN,freelancer,19912.8544189246,7,False,False,False,1978
C100254,IN,trader,51923.02309031088,3,False,False,False,1089
C100255,UK,trader,396618.5141299619,8,False,False,False,1745
C100256,AE,salaried,6208.695956531349,5,False,False,False,615
C100257,IN,business_owner,132028.74356504244,10,False,False,False,699
C100258,IN,retired,20520.239762371846,10,False,False,False,1854
C100259,US,business_owner,36626.978062125716,7,False,False,False,1908
C100260,IN,student,16621.403260005725,8,False,False,False,657
C100261,AE,salaried,5896.121616249747,4,False,False,False,2416
C100262,IN,freelancer,21660.337734091656,9,False,False,False,1706
C100263,IN,trader,157106.53077015793,4,False,False,False,2469
C100264,DE,retired,9528.892605206318,5,False,False,False,1199
C100265,IN,student,10869.923191211587,6,False,False,False,1501
C100266,IN,freelancer,8240.530279381457,9,False,False,False,1632
C100267,IN,freelancer,24889.2346401971,8,False,False,False,406
C100268,IN,retired,4950.8753905054655,13,False,False,False,702
C100269,IN,freelancer,6664.564210043935,11,False,False,False,2410
C100270,IN,business_owner,265472.24999448674,7,False,False,False,1686
C100271,IN,trader,84172.37247309333,7,False,False,False,1355
C100272,IN,business_owner,119107.84517798002,5,False,False,False,11
C100273,US,trader,147361.9497870379,6,False,False,False,100
C100274,UK,freelancer,34404.51078124217,6,False,False,False,1393
C100275,IN,business_owner,104955.4094560558,5,False,False,False,208
C100276,IN,business_owner,374148.3780741582,3,False,False,False,360
C100277,IN,retired,2286.9611592018764,13,False,False,False,1445
C100278,SG,trader,70802.63275012748,4,False,False,False,2402
C100279,SG,business_owner,46441.9798392293,7,False,False,False,2089
C100280,IN,retired,40695.93050584179,4,False,False,False,1166
C100281,IN,retired,7262.075256298731,10,False,False,False,2354
C100282,IN,retired,45541.77762694798,4,False,False,False,1516
C100283,IN,retired,2808.6165859392045,8,False,False,False,2361
C100284,US,student,10325.424908204943,6,False,False,False,598
C100285,IN,freelancer,9976.150081959426,6,False,False,False,1448
C100286,IN,business_owner,95217.07644404299,6,False,False,False,2306
C100287,IN,student,33150.4551706531,6,False,False,False,2453
C100288,IN,business_owner,843634.7626013883,10,False,False,False,2150
C100289,IN,business_owner,93006.68307547395,10,False,False,False,378
C100290,SG,retired,24436.50310551063,6,False,False,False,1549
C100291,IN,student,19078.72994416357,5,False,False,False,241
C100292,DE,trader,30812.071390073917,7,False,False,False,959
C100293,IN,retired,3143.4943794763894,7,False,False,False,80
C100294,SG,student,27628.206459446752,5,False,False,False,1899
C100295,DE,retired,11777.314844319704,5,False,False,False,1936
C100296,JP,salaried,5433.683453154894,9,False,False,False,235
C100297,AE,freelancer,11548.139836976381,6,False,False,False,2291
C100298,AE,business_owner,329795.8022495384,9,False,False,False,2099
C100299,US,student,12606.95861256589,6,False,False,False,2100
C100300,AE,salaried,4508.003685977051,5,False,False,False,1120
C100301,IN,student,50005.577715315616,8,False,False,False,2349
C100302,IN,business_owner,47870.99341792941,7,False,False,True,2457
C100303,IN,trader,117328.07839439131,4,False,False,False,1372
C100304,SG,business_owner,38562.09817601039,7,False,False,False,949
C100305,IN,retired,17182.40503779917,8,False,False,False,1908
C100306,IN,trader,257112.97617077015,6,False,False,False,115
C100307,US,retired,16745.310126091925,4,False,False,False,845
C100308,IN,salaried,5263.16214944212,8,False,False,False,15
C100309,IN,trader,70524.98019572381,7,False,False,False,1917
C100310,IN,student,5895.82616626078,7,False,False,True,112
C100311,IN,student,6107.9178237210035,10,False,False,False,1883
C100312,IN,business_owner,128861.12211368213,8,False,False,False,1416
C100313,IN,trader,57084.21895234046,8,False,False,False,1091
C100314,IN,trader,7291.471976175432,4,False,False,False,1579
C100315,IN,freelancer,3268.328912198866,5,False,False,False,114
C100316,IN,freelancer,8796.408296579913,7,False,False,False,2028
C100317,UK,salaried,18450.531988039165,5,False,False,False,669
C100318,IN,retired,15304.395996783795,8,False,False,False,2107
C100319,FR,business_owner,71555.08862492532,6,False,False,False,2213
C100320,DE,business_owner,28825.667189597123,2,False,False,False,1379
C100321,IN,student,17267.668557897872,6,False,False,False,1470
C100322,IN,retired,32814.75033889276,8,False,False,False,2309
C100323,IN,trader,55918.592775827536,6,False,False,False,1015
C100324,SG,student,2780.96118215815,8,False,False,False,997
C100325,US,trader,27779.248559816333,11,False,False,False,2368
C100326,AE,freelancer,6198.4495847908665,4,False,False,False,1012
C100327,IN,business_owner,127401.30841108534,4,False,False,False,919
C100328,US,business_owner,38921.41819759768,6,False,False,False,19
C100329,IN,trader,20036.354209389043,5,False,False,False,823
C100330,UK,freelancer,36245.00405107126,4,False,False,False,627
C100331,IN,retired,13427.346956965439,5,False,False,False,1927
C100332,UK,trader,8327.31018294932,6,False,False,False,1253
C100333,SG,student,4233.317173611826,8,False,False,False,891
C100334,IN,freelancer,4352.942537311138,8,False,False,False,2334
C100335,US,salaried,36536.597939434665,6,False,False,False,1118
C100336,IN,retired,14340.611497546137,15,False,False,False,1042
C100337,UK,freelancer,14361.295487591198,7,False,False,False,1807
C100338,IN,trader,254978.37707244247,8,False,False,False,656
C100339,FR,trader,984693.7281490269,9,False,False,False,1078
C100340,IN,business_owner,740401.9547263279,9,False,False,False,1766
C100341,FR,freelancer,30662.91779986722,7,False,False,False,809
C100342,AE,freelancer,90172.65468118667,7,False,False,False,1076
C100343,US,trader,34226.77688656945,4,False,False,False,43
C100344,AE,business_owner,150651.88358546662,7,False,False,False,1986
C100345,AE,trader,31328.150737899563,5,False,False,False,2152
C100346,FR,trader,89141.88185996054,14,False,False,False,1672
C100347,IN,trader,31197.427297373622,5,False,False,False,1319
C100348,US,business_owner,124344.72400871881,6,False,False,False,2234
C100349,IN,freelancer,10305.320382224992,8,False,False,False,2129
C100350,US,business_owner,465350.8401521623,7,False,False,False,1174
C100351,IN,freelancer,37707.06888925525,7,False,False,False,1546
C100352,US,salaried,11617.747388306607,8,False,False,False,2346
C100353,US,trader,19010.248520420188,10,False,False,False,505
C100354,IN,retired,14046.586899629347,6,False,False,False,1946
C100355,IN,retired,8609.775548239579,12,False,False,False,911
C100356,AE,retired,8940.319070068404,7,False,False,False,236
C100357,AE,retired,17824.266284469475,7,False,False,False,1046
C100358,IN,salaried,15209.934250822611,4,False,False,False,1297
C100359,US,trader,174888.33371537927,6,False,False,False,1850
C100360,FR,freelancer,18163.950583578502,10,False,False,False,383
C100361,IN,retired,29905.625445303227,13,False,False,False,1372
C100362,IN,freelancer,6311.321583365113,5,False,False,False,1655
C100363,IN,student,19295.1703572616,11,False,False,False,1593
C100364,US,business_owner,174772.35506269406,10,False,False,False,2081
C100365,IN,salaried,17620.482527089862,6,False,False,False,1883
C100366,AE,salaried,21632.67579072482,9,False,False,False,1165
C100367,UK,freelancer,13834.32623226123,8,False,False,False,688
C100368,IN,freelancer,72050.89368526018,2,False,False,False,2202
C100369,DE,business_owner,167465.37552078257,6,False,False,False,2205
C100370,AE,retired,30457.01831088714,7,False,False,False,328
C100371,IN,retired,22811.049726224635,14,False,False,False,1135
C100372,IN,trader,245528.22133940546,10,False,False,False,1881
C100373,IN,business_owner,714231.9640160643,10,False,False,False,1654
C100374,IN,retired,34863.58600671743,11,False,False,False,2187
C100375,IN,retired,6675.030026432862,7,False,False,False,549
C100376,FR,business_owner,84424.57824079368,4,False,False,False,2353
C100377,IN,business_owner,107254.45740089598,12,False,False,False,587
C100378,IN,trader,114677.36852502816,7,False,False,False,244
C100379,UK,freelancer,5958.037085980743,6,False,False,False,1838
C100380,US,salaried,9332.130205491538,2,False,False,False,2320
C100381,FR,student,14303.684648017594,7,False,False,False,879
C100382,AE,trader,57550.45297078407,7,False,False,False,403
C100383,IN,trader,58079.77845999386,11,False,False,False,2190
C100384,IN,salaried,148026.905654911,5,False,False,False,242
C100385,JP,student,17917.34462190621,9,False,False,False,1663
C100386,UK,business_owner,104288.18649167013,13,False,False,False,321
C100387,FR,student,5390.773545564032,11,False,False,False,1665
C100388,IN,trader,20220.045950205116,10,False,False,False,289
C100389,SG,student,6917.606309778451,9,False,False,False,953
C100390,US,business_owner,60630.88700178545,9,False,False,False,1164
C100391,IN,salaried,18332.21447502103,7,False,False,False,2257
C100392,US,retired,9660.32196955237,9,False,False,False,1779
C100393,UK,retired,53608.799837093095,11,False,False,False,2361
C100394,IN,freelancer,7983.936595641304,7,False,False,False,1352
C100395,IN,salaried,12288.243268974044,7,False,False,False,648
C100396,AE,student,20898.10713447381,7,False,False,False,1064
C100397,IN,trader,59430.54824390465,8,False,False,False,1288
C100398,IN,student,32672.97508150311,5,False,False,False,1411
C100399,IN,student,18032.79881754456,4,False,False,False,2267
C100400,IN,student,27879.27584528337,5,False,False,False,2243
C100401,DE,retired,8386.883527151662,5,False,False,False,257
C100402,AE,retired,25403.884445657106,3,False,False,True,1986
C100403,IN,freelancer,25167.541438471395,7,False,False,False,747
C100404,JP,salaried,38523.38245162005,14,False,False,False,1471
C100405,SG,trader,41299.817448763926,8,False,False,False,2386
C100406,IN,retired,7079.5938489818,7,False,False,False,2206
C100407,SG,retired,23770.45444402631,6,False,False,False,1215
C100408,IN,freelancer,2088.1731338656737,11,False,False,False,119
C100409,JP,retired,18852.566202084745,4,False,False,False,2379
C100410,US,salaried,28053.343380595205,10,False,False,False,2269
C100411,US,trader,37862.7224938505,7,False,False,False,953
C100412,IN,freelancer,9885.921960765356,3,False,False,False,347
C100413,DE,student,6298.733478005231,5,False,False,False,1321
C100414,IN,business_owner,64034.35405551681,7,False,False,False,2005
C100415,IN,business_owner,69142.21858684602,5,False,False,False,1138
C100416,IN,trader,97697.00122674005,8,False,False,False,57
C100417,AE,business_owner,267509.29851970554,6,False,False,False,1145
C100418,IN,freelancer,11051.225995143006,10,False,False,False,1289
C100419,DE,freelancer,10958.021005874452,9,False,False,False,2294
C100420,US,retired,49607.25290284678,5,False,False,False,2019
C100421,IN,student,10138.247175419572,7,False,False,False,1738
C100422,IN,salaried,16998.92101527398,5,False,False,False,1014
C100423,IN,business_owner,47266.49464284539,11,False,False,False,2364
C100424,US,business_owner,21065.168854573574,6,False,False,False,582
C100425,AE,business_owner,66357.82417020717,8,False,False,False,827
C100426,IN,retired,4447.260762032728,5,False,False,False,2116
C100427,SG,salaried,5739.349780524888,7,False,False,False,2484
C100428,IN,salaried,15192.965206372526,6,False,False,False,2037
C100429,AE,student,28376.64023350797,10,False,False,False,1770
C100430,DE,student,3825.0806506405675,6,False,False,False,2344
C100431,AE,business_owner,162228.22298621107,8,False,False,False,332
C100432,UK,business_owner,20167.8605183201,4,False,False,False,1674
C100433,SG,freelancer,11103.393198081258,3,False,False,False,1035
C100434,IN,freelancer,28368.61324565619,9,False,False,False,1497
C100435,IN,student,9771.080366122249,6,False,False,False,625
C100436,IN,trader,212337.78827579677,11,False,False,False,1224
C100437,IN,salaried,36999.507379665,13,False,False,False,592
C100438,UK,trader,44104.72236014697,5,False,False,False,1610
C100439,US,freelancer,7847.385523169675,10,False,False,False,2324
C100440,SG,freelancer,14931.68434161107,4,False,False,False,151
C100441,IN,freelancer,7485.4445860105325,12,False,False,False,2400
C100442,UK,student,17931.915785067882,4,False,False,False,1649
C100443,IN,retired,19163.028598545963,3,False,False,False,40
C100444,IN,business_owner,311396.9657707998,7,False,False,False,1449
C100445,UK,trader,111707.83207028972,10,False,False,False,349
C100446,JP,retired,12304.234118524397,7,False,False,False,2007
C100447,US,trader,4915.10932721399,4,False,False,False,698
C100448,IN,trader,20298.4596393743,10,False,False,False,148
C100449,US,business_owner,55353.47881179552,9,False,False,False,2120
C100450,IN,business_owner,161524.17080854013,12,False,False,False,1343
C100451,SG,retired,25676.48867472759,5,False,False,False,1529
C100452,UK,student,7250.720024074,10,False,False,False,2079
C100453,IN,retired,5300.914355899292,6,False,False,False,1415
C100454,IN,business_owner,237326.4554902525,12,False,False,False,1991
C100455,IN,salaried,12719.624725975145,8,False,False,False,1497
C100456,JP,salaried,7516.9631004690245,4,False,False,False,74
C100457,IN,trader,52037.30854170145,9,False,False,False,2376
C100458,AE,freelancer,3361.494091361681,5,False,False,False,2398
C100459,US,student,8492.808405094906,6,False,False,False,693
C100460,US,student,18567.88833518507,11,False,False,False,1628
C100461,IN,salaried,6497.122707887435,9,False,False,False,312
C100462,FR,retired,17791.564581332965,8,False,False,False,715
C100463,IN,business_owner,245010.74046005128,3,False,False,True,1521
C100464,US,business_owner,75065.83800127103,7,True,False,False,872
C100465,UK,freelancer,20264.190742085386,5,False,False,False,2422
C100466,US,salaried,26028.77448939042,8,False,False,False,200
C100467,FR,trader,84032.7513820961,6,False,False,False,1776
C100468,IN,freelancer,7556.722123368347,11,False,False,False,1533
C100469,IN,business_owner,135238.42840155456,9,False,False,False,2230
C100470,IN,freelancer,20865.842152081328,7,False,False,False,2023
C100471,IN,trader,64708.0295118751,7,False,False,False,2240
C100472,IN,retired,11794.084631587493,7,False,False,False,1985
C100473,IN,business_owner,342691.1952158962,6,False,False,False,552
C100474,IN,salaried,12427.24789466205,10,False,False,False,1064
C100475,IN,freelancer,6591.275960880657,11,False,False,False,1715
C100476,IN,business_owner,129935.76067001463,7,False,False,False,2497
C100477,US,retired,19235.63507296201,4,False,False,False,2156
C100478,US,salaried,26236.1102971217,3,False,False,False,1625
C100479,IN,freelancer,3810.3545813110754,7,False,False,False,257
C100480,IN,student,17296.30740055056,9,False,False,False,1054
C100481,IN,salaried,28516.21182202916,9,False,False,False,1630
C100482,US,business_owner,18827.379569545883,5,False,False,True,1930
C100483,IN,student,9979.925206380278,5,False,False,False,683
C100484,IN,freelancer,6901.903631611803,9,False,False,False,1171
C100485,IN,business_owner,88913.62253046158,6,False,False,False,2055
C100486,IN,business_owner,20744.347103921613,3,False,False,False,2085
C100487,IN,retired,14286.427759161887,11,False,False,False,561
C100488,US,student,11777.023590251514,4,False,False,False,638
C100489,US,trader,25925.08590725436,10,False,False,False,936
C100490,UK,trader,20053.377225053544,5,False,False,False,1611
C100491,US,retired,18575.48809246529,5,False,False,False,1693
C100492,US,business_owner,59651.21260371777,6,False,False,False,1899
C100493,IN,business_owner,136636.32260608964,6,False,False,False,1391
C100494,AE,retired,43281.24336145416,8,False,False,False,2294
C100495,IN,business_owner,254531.71179664336,7,False,False,False,304
C100496,IN,retired,32761.344178652722,6,False,False,False,1314
C100497,US,trader,427995.79207394324,7,False,False,False,567
C100498,IN,student,29035.23585990933,4,False,False,False,1349
C100499,IN,salaried,31677.352902174076,10,False,False,False,2215
C100500,UK,student,10881.987274300785,6,False,False,False,2213
C100501,SG,business_owner,80578.704468778,12,False,False,False,2472
C100502,DE,salaried,18551.856070188784,6,False,False,False,1226
C100503,IN,retired,7229.385302965127,12,False,False,False,1736
C100504,IN,freelancer,10281.386299226737,8,False,False,False,1194
C100505,AE,student,29523.25728543239,5,False,False,False,29
C100506,IN,salaried,25492.645844928615,7,False,False,False,712
C100507,SG,salaried,6370.108102800261,7,False,False,False,1859
C100508,IN,freelancer,12118.880428454138,13,False,False,False,139
C100509,IN,student,15405.287720528397,3,False,False,False,1608
C100510,IN,trader,11542.213249181588,7,False,False,False,1149
C100511,SG,retired,69595.82134421392,10,False,False,False,1032
C100512,IN,student,15733.769742375945,11,False,False,False,1840
C100513,IN,student,12793.998418121559,7,False,False,False,573
C100514,IN,freelancer,30748.4766134258,9,False,False,False,651
C100515,IN,retired,10345.951115776123,7,False,False,False,418
C100516,IN,freelancer,27043.428815699757,8,False,False,False,275
C100517,UK,retired,4157.1595646821925,9,False,False,False,213
C100518,IN,freelancer,9724.87356747253,8,False,False,False,264
C100519,AE,freelancer,27843.345968146095,5,False,False,False,1599
C100520,SG,trader,40176.407518311986,8,False,False,False,753
C100521,IN,freelancer,7775.188653709797,7,False,False,False,846
C100522,IN,retired,7166.1573440275215,6,False,False,False,1883
C100523,US,student,19874.891914812582,7,False,False,False,1297
C100524,IN,freelancer,8637.567420111089,6,False,False,False,197
C100525,IN,salaried,11070.015850796111,9,False,False,False,1315
C100526,FR,freelancer,24673.461636085234,6,False,False,False,1654
C100527,JP,business_owner,243503.1804110858,6,False,False,False,1520
C100528,AE,salaried,3375.1733802903536,6,False,False,False,2171
C100529,IN,salaried,5373.5330513968365,9,False,False,False,1488
C100530,UK,freelancer,13453.154730820272,4,False,False,False,2032
C100531,UK,student,3624.9790793886173,7,False,False,False,1300
C100532,IN,freelancer,10850.730760425167,5,False,False,False,1593
C100533,US,trader,44831.442410411684,10,False,False,False,392
C100534,IN,salaried,42106.49590530022,6,False,False,False,2480
C100535,IN,retired,60815.49067463651,8,False,False,False,72
C100536,IN,salaried,6369.409399670684,8,False,False,False,2420
C100537,IN,student,15990.1962016784,12,False,False,False,1442
C100538,IN,retired,6820.700018658429,5,False,False,False,846
C100539,SG,student,10758.797581733139,4,False,False,False,1060
C100540,JP,business_owner,665352.7924623924,5,False,False,False,196
C100541,US,salaried,9636.545922391035,5,False,False,False,1028
C100542,SG,business_owner,78308.69344895058,3,False,False,False,182
C100543,JP,retired,6906.577607399353,4,False,False,False,1078
C100544,IN,business_owner,219462.27549613497,12,False,False,False,345
C100545,IN,student,1360.6438804959898,7,False,False,False,288
C100546,IN,salaried,9799.061305597546,6,False,False,False,1782
C100547,IN,salaried,12937.427344464817,4,False,False,False,452
C100548,AE,business_owner,129385.7234436815,8,False,False,False,841
C100549,IN,retired,24452.35612795717,8,False,False,False,1657
C100550,IN,freelancer,30989.976695452453,6,False,False,False,1264
C100551,IN,trader,22213.37107943183,6,False,False,True,1286
C100552,IN,freelancer,57840.27767933862,3,False,False,False,1107
C100553,DE,freelancer,4933.080022387893,3,False,False,False,1526
C100554,IN,freelancer,32926.77637015857,8,False,False,False,1633
C100555,IN,freelancer,14837.000727371958,7,False,False,False,327
C100556,IN,salaried,9390.08131604331,6,False,False,False,2408
C100557,IN,business_owner,425353.6007571426,12,False,False,False,2036
C100558,US,freelancer,13049.969120956119,7,False,False,False,1063
C100559,IN,salaried,15458.163169910777,6,False,False,False,934
C100560,IN,trader,14811.024642417764,6,False,False,False,1815
C100561,IN,salaried,11341.706257926015,7,False,False,False,1534
C100562,SG,retired,7789.477192363377,8,False,False,False,2008
C100563,US,salaried,5707.094511622167,7,False,False,False,1166
C100564,US,salaried,7539.278812964434,9,False,False,True,1105
C100565,UK,freelancer,5973.078631364596,3,False,False,False,1173
C100566,AE,business_owner,222888.44236637323,4,False,False,False,742
C100567,IN,trader,149963.35229699247,9,False,False,False,1947
C100568,IN,business_owner,186126.72706417204,9,False,False,True,1991
C100569,IN,business_owner,41568.72215873134,10,False,False,False,280
C100570,IN,retired,2843.1927015026613,10,False,False,False,238
C100571,SG,retired,18555.818346524455,4,False,False,False,191
C100572,IN,business_owner,169333.60933314674,4,False,False,False,826
C100573,AE,retired,23646.472764815655,8,False,False,False,257
C100574,SG,retired,22060.095965836772,4,False,False,False,1426
C100575,IN,freelancer,11902.524207765968,5,False,False,False,2488
C100576,DE,freelancer,15075.947912701484,8,False,False,False,1763
C100577,US,student,7935.896054892048,8,False,False,False,2318
C100578,SG,trader,261247.71756755468,6,False,False,False,375
C100579,IN,trader,27496.82206549268,8,False,False,False,1752
C100580,IN,freelancer,23012.170498181255,5,False,False,False,1822
C100581,IN,student,13144.761445005557,9,False,False,False,1121
C100582,IN,retired,9500.090211759583,5,False,False,False,1865
C100583,IN,salaried,11352.880285775158,8,False,False,False,217
C100584,DE,trader,115922.00960743037,12,False,False,False,1540
C100585,US,retired,33127.28799122308,5,False,False,False,2053
C100586,IN,business_owner,369200.1365670973,7,False,False,False,985
C100587,IN,student,31379.48382264593,8,False,False,False,477
C100588,IN,retired,8993.631096589179,6,False,False,False,30
C100589,IN,student,20761.32743102185,5,False,False,False,685
C100590,DE,salaried,21403.942569057817,3,False,False,False,2053
C100591,IN,freelancer,6991.060177213745,5,False,False,False,2102
C100592,IN,freelancer,5527.221306130991,7,False,False,False,1544
C100593,US,freelancer,12780.851455307959,7,False,False,False,647
C100594,IN,student,23515.035919468744,7,False,False,False,653
C100595,IN,trader,339447.2921449933,7,False,False,False,2112
C100596,UK,freelancer,8065.665406744562,8,False,False,False,1461
C100597,US,retired,19947.44205480782,8,False,False,False,1965
C100598,JP,retired,13755.672029743384,3,False,False,False,929
C100599,US,retired,36004.2236590664,8,False,False,False,2094
C100600,IN,trader,238548.3862033088,5,False,False,False,1179
C100601,AE,student,69321.85153316423,13,False,False,False,1687
C100602,DE,salaried,4552.379259738768,6,False,False,False,2128
C100603,UK,trader,389350.2782418039,6,False,False,False,883
C100604,FR,freelancer,12819.99133210895,4,False,False,False,1970
C100605,AE,salaried,6038.305771826643,6,False,False,False,1634
C100606,SG,trader,14788.543753717046,7,False,False,False,1245
C100607,IN,freelancer,12687.73661072881,7,False,False,False,2073
C100608,UK,freelancer,11648.795365270767,4,False,False,False,1102
C100609,IN,salaried,7407.97408046261,7,False,False,False,1874
C100610,US,business_owner,519023.6720814747,9,False,False,False,195
C100611,US,business_owner,140695.39303408828,11,False,False,False,2155
C100612,FR,freelancer,28928.004233220614,8,False,False,False,2411
C100613,JP,business_owner,196725.68396720747,6,False,False,False,2458
C100614,IN,freelancer,6800.468623385379,7,False,False,False,2111
C100615,UK,retired,4099.427520141833,8,False,False,False,1726
C100616,UK,retired,11843.36883542654,3,False,False,False,1854
C100617,IN,business_owner,350671.0767520509,3,False,False,False,2320
C100618,IN,student,5192.791548607506,5,True,False,False,1826
C100619,IN,salaried,19326.260861086663,6,False,False,False,683
C100620,AE,salaried,3849.239815188972,3,False,False,False,403
C100621,IN,salaried,35901.53620667159,11,False,False,False,2433
C100622,JP,business_owner,452744.6869014338,4,False,False,False,352
C100623,IN,student,12955.946595365438,8,False,False,False,2276
C100624,JP,business_owner,53526.801035033575,6,False,False,False,2340
C100625,IN,retired,22812.42465306515,6,False,False,False,107
C100626,AE,trader,32118.233301365944,9,False,False,False,2019
C100627,IN,salaried,8264.564775124096,7,False,False,False,1478
C100628,US,trader,41134.391882003234,9,False,False,False,976
C100629,AE,salaried,4113.584963506459,8,False,False,False,1259
C100630,DE,trader,29046.850517092433,12,False,False,True,1074
C100631,AE,freelancer,6098.936802445443,5,False,False,False,2039
C100632,IN,freelancer,17063.02443081296,10,True,False,False,1031
C100633,IN,business_owner,78020.03358633918,9,False,False,False,320
C100634,IN,retired,27841.569425143236,8,False,False,False,995
C100635,IN,freelancer,7016.410935154722,4,False,False,False,1321
C100636,UK,business_owner,83335.285062668,4,True,False,False,1128
C100637,UK,trader,37152.76112438126,7,False,False,False,1255
C100638,AE,salaried,6904.083752366468,6,False,False,False,2467
C100639,SG,student,17495.78667506463,2,False,False,False,991
C100640,UK,retired,12756.442272198026,9,False,False,False,2045
C100641,AE,business_owner,99630.33999555752,6,False,False,False,2480
C100642,IN,retired,13758.324815285516,9,False,False,False,2077
C100643,IN,retired,12201.677604626157,2,False,False,False,1351
C100644,US,freelancer,11997.077435160169,7,False,False,False,2473
C100645,SG,salaried,10008.447797118057,9,False,False,False,1036
C100646,IN,student,5359.0179702555215,6,False,False,False,702
C100647,IN,student,14077.53848790434,10,False,False,False,2141
C100648,UK,student,7616.71107760499,5,False,False,False,2297
C100649,IN,student,6540.505876778391,5,False,False,False,351
C100650,IN,student,11288.164982047936,7,False,False,False,801
C100651,DE,retired,22332.95302705162,8,False,False,False,722
C100652,UK,salaried,15213.362848381568,8,False,False,False,2050
C100653,IN,trader,34886.19411843486,5,False,False,False,700
C100654,SG,business_owner,60604.673074502265,16,False,False,False,1659
C100655,IN,business_owner,42069.66854608688,7,False,False,False,2334
C100656,SG,retired,2495.601250671003,8,False,False,False,2275
C100657,IN,retired,23345.405857160633,14,False,False,False,2201
C100658,US,freelancer,3598.1998494018158,8,False,False,False,1325
C100659,IN,retired,4960.265091580279,5,False,False,False,1518
C100660,IN,salaried,9320.894860221766,4,False,False,False,1814
C100661,SG,business_owner,42620.77137472472,7,False,False,False,802
C100662,IN,student,43225.8317200452,2,False,False,False,1255
C100663,IN,trader,8272.959000156321,6,False,False,False,1172
C100664,IN,freelancer,17147.019798417117,8,False,False,False,2002
C100665,UK,trader,40163.3006404287,6,False,False,False,1430
C100666,AE,business_owner,20048.620862321888,8,False,False,False,1116
C100667,JP,retired,9095.589794000172,7,False,False,False,1352
C100668,IN,retired,7542.669673695831,8,False,False,False,434
C100669,IN,retired,14888.764736700741,8,False,False,False,643
C100670,IN,trader,19182.16108031077,8,False,False,False,2002
C100671,US,freelancer,24551.044599081353,4,False,False,False,330
C100672,JP,student,3445.5253309745385,6,False,False,False,1708
C100673,UK,freelancer,14079.962912345418,8,False,False,False,2269
C100674,US,trader,35604.52620137082,7,False,False,False,1710
C100675,IN,business_owner,101329.77888930467,8,False,False,False,1603
C100676,DE,freelancer,16535.063961134394,5,False,False,False,1794
C100677,IN,trader,352985.48761700356,7,False,False,False,367
C100678,IN,freelancer,14987.36058966543,8,False,False,False,346
C100679,IN,salaried,11514.509979223585,9,False,False,False,2474
C100680,IN,business_owner,63810.921651852725,1,False,False,False,1069
C100681,IN,retired,9610.38208032254,4,False,False,False,1031
C100682,IN,trader,112680.91479372843,11,False,False,False,400
C100683,IN,trader,44392.53132235672,8,False,False,False,1833
C100684,US,freelancer,13426.238021315497,6,False,False,False,89
C100685,IN,trader,2799.320188393753,6,False,False,False,445
C100686,IN,retired,8708.912661015564,6,False,False,False,565
C100687,FR,business_owner,82481.6693378023,5,False,False,False,2332
C100688,AE,retired,17866.235860115972,7,False,False,False,2375
C100689,IN,business_owner,106942.00817000393,5,False,False,True,202
C100690,IN,trader,16438.233278140488,8,False,False,False,352
C100691,DE,freelancer,6510.853966559871,7,False,False,False,2389
C100692,IN,student,9840.481042211355,6,False,False,False,1587
C100693,IN,business_owner,210985.60002502057,7,False,False,False,1819
C100694,DE,freelancer,5581.67541037046,6,False,False,False,1421
C100695,IN,salaried,17520.8667201698,13,False,False,False,571
C100696,UK,salaried,9377.524627363306,10,False,False,False,1827
C100697,US,retired,10416.780899484482,6,False,False,False,456
C100698,US,retired,8972.28892973088,9,False,False,False,77
C100699,IN,trader,281091.0440890591,4,False,False,False,2093
C100700,IN,freelancer,8401.53238414989,7,False,False,False,952
C100701,IN,trader,44839.09085146038,10,False,False,False,104
C100702,IN,business_owner,236065.94636684004,5,False,False,False,1088
C100703,SG,trader,33332.50983379566,9,False,False,False,290
C100704,IN,business_owner,84014.99771444632,4,True,False,False,1180
C100705,US,retired,8289.475408069915,7,False,False,False,1683
C100706,AE,trader,177564.14257718404,9,False,False,False,848
C100707,AE,business_owner,24361.539902838693,9,False,False,False,198
C100708,IN,freelancer,11700.231516320076,7,False,False,False,2226
C100709,IN,retired,11133.207650554641,11,False,False,False,1355
C100710,JP,business_owner,486191.74117254076,6,False,False,False,62
C100711,UK,student,24691.61707927916,3,False,False,False,1437
C100712,AE,trader,127996.3431071366,9,False,False,False,2309
C100713,DE,freelancer,8318.474708813068,8,False,False,False,49
C100714,AE,student,11825.991611830725,6,False,False,False,1967
C100715,IN,trader,59936.87392352093,9,False,False,False,946
C100716,US,business_owner,29973.112618653824,7,False,False,False,1770
C100717,IN,retired,24551.489385538036,11,False,False,True,76
C100718,US,salaried,19495.120667751584,11,False,False,False,2267
C100719,FR,trader,132618.2817493908,8,False,False,False,2417
C100720,IN,student,14415.931526504206,7,False,False,False,1376
C100721,IN,trader,47823.29992216392,5,False,False,False,542
C100722,IN,retired,22093.73945329678,8,False,False,False,382
C100723,FR,freelancer,16070.256734386556,6,False,False,False,1725
C100724,IN,business_owner,171082.60069271023,3,False,False,False,1984
C100725,IN,business_owner,22786.013675880324,5,False,False,False,1686
C100726,IN,freelancer,12747.550882296337,6,False,False,False,1235
C100727,IN,salaried,10766.781240929831,9,False,False,False,1931
C100728,IN,trader,41172.18189285206,8,False,False,False,1844
C100729,IN,trader,15038.497256638222,3,False,False,False,841
C100730,IN,student,26133.126454057572,7,False,False,False,1943
C100731,IN,salaried,7303.656112019592,7,False,False,False,465
C100732,IN,student,14644.744934335486,4,False,False,False,2051
C100733,IN,trader,65661.34007436619,5,False,False,False,1328
C100734,IN,freelancer,6811.3233420675415,10,False,False,False,1869
C100735,UK,freelancer,8048.887335129793,6,False,False,False,1737
C100736,IN,business_owner,31573.18164885348,5,False,False,False,244
C100737,IN,student,7383.094433595476,5,False,False,False,1889
C100738,IN,business_owner,64923.95223837174,8,False,False,False,1960
C100739,IN,salaried,9189.615676777155,8,False,False,False,127
C100740,IN,retired,21116.431238755697,5,False,False,False,568
C100741,IN,freelancer,5268.851087153412,2,False,False,False,1882
C100742,SG,student,3771.4617918751437,3,False,False,False,905
C100743,IN,trader,21459.39876111305,8,False,False,False,285
C100744,IN,salaried,4456.168135923818,11,False,False,False,2136
C100745,IN,salaried,38668.79561586979,6,False,False,False,1313
C100746,IN,trader,614033.850321613,6,False,False,False,988
C100747,IN,business_owner,357004.789142764,9,False,False,False,1390
C100748,AE,student,17845.98656860809,10,False,False,False,1002
C100749,SG,salaried,8862.154937447636,9,False,False,False,321
C100750,IN,student,4615.282788892404,8,False,False,False,1406
C100751,IN,business_owner,85104.91398749554,6,False,False,False,2410
C100752,IN,salaried,6626.661009124863,7,False,False,False,2379
C100753,IN,business_owner,300258.3754538975,6,False,False,False,1596
C100754,UK,salaried,11539.892630766444,8,False,False,False,410
C100755,IN,trader,42926.44298695196,12,False,False,False,563
C100756,IN,business_owner,335160.8123173027,6,False,False,False,792
C100757,FR,freelancer,7489.364853038507,9,False,False,False,131
C100758,IN,freelancer,10635.161867583938,8,False,False,False,354
C100759,IN,salaried,11397.556810218215,10,False,False,False,1938
C100760,UK,salaried,22567.6252853289,7,False,False,False,1075
C100761,IN,salaried,5896.856313080784,2,False,False,False,2104
C100762,IN,business_owner,190000.18489300326,5,False,False,False,158
C100763,IN,salaried,7852.37748126908,10,False,False,False,231
C100764,DE,business_owner,28241.24592334177,7,False,False,False,1726
C100765,IN,freelancer,5931.351602331537,11,False,False,False,647
C100766,IN,business_owner,25727.066756223114,9,False,False,False,568
C100767,IN,business_owner,94104.31318775544,6,False,False,False,1607
C100768,IN,trader,135000.76673022984,8,False,False,False,2283
C100769,US,freelancer,9996.797624024453,8,False,False,False,1050
C100770,IN,business_owner,138713.5595763799,6,False,False,False,1907
C100771,US,business_owner,549714.1220642418,6,False,False,False,859
C100772,US,trader,38646.22978412545,7,False,False,False,2098
C100773,SG,salaried,7146.150896531332,8,False,False,False,1064
C100774,IN,trader,34621.71521847984,4,False,False,False,383
C100775,SG,student,26768.663636756297,4,False,False,False,1265
C100776,US,trader,54668.070911219744,7,False,False,False,734
C100777,IN,salaried,12459.234191281876,6,False,False,False,465
C100778,AE,retired,4899.403103282347,7,False,False,False,463
C100779,SG,salaried,6003.5370214451195,9,False,False,False,973
C100780,IN,business_owner,39409.53366046046,7,False,False,False,29
C100781,DE,salaried,33349.42655924629,1,False,False,False,179
C100782,IN,student,19368.32320763502,9,False,False,False,1475
C100783,US,student,7309.028499839521,4,False,False,False,20
C100784,JP,freelancer,8999.639944235592,8,False,False,False,1931
C100785,IN,freelancer,7497.289818111377,10,False,False,False,2438
C100786,AE,freelancer,7186.0516018455155,10,False,False,False,463
C100787,IN,freelancer,18438.76870532976,9,False,False,False,141
C100788,AE,freelancer,10924.07824733432,8,False,False,False,530
C100789,US,student,57343.65161754248,7,False,False,False,113
C100790,IN,retired,32056.391882056112,7,False,False,True,676
C100791,IN,salaried,33410.85874746109,5,False,False,False,2225
C100792,IN,trader,57449.565436008925,7,False,False,False,2050
C100793,IN,student,9938.174696496535,8,False,False,False,2440
C100794,IN,trader,111441.1146776409,5,False,False,False,2030
C100795,IN,business_owner,58795.3076014336,6,False,False,False,2112
C100796,IN,student,41822.645722575355,4,False,False,False,1482
C100797,IN,freelancer,17729.68386037098,7,False,False,False,353
C100798,UK,freelancer,16053.019649569422,7,False,False,False,1923
C100799,UK,trader,48027.325896357666,4,False,False,False,1600
C100800,UK,salaried,45169.91284474757,6,False,False,False,2405
C100801,IN,trader,257245.63733812922,7,False,False,False,1743
C100802,DE,trader,80845.35711476079,10,False,False,False,1366
C100803,US,student,11727.506386557707,3,False,False,False,1930
C100804,IN,business_owner,74351.34362298092,4,False,False,False,1641
C100805,IN,salaried,7890.803037801931,6,False,False,False,286
C100806,UK,trader,177568.2282395084,10,False,False,False,1530
C100807,IN,student,21111.215571333272,7,False,False,False,979
C100808,IN,trader,248967.92020414173,9,False,False,False,411
C100809,JP,trader,18608.3393990998,3,False,False,False,693
C100810,IN,retired,29553.336332558207,8,False,False,False,2087
C100811,IN,freelancer,8346.421390598187,6,False,False,False,1638
C100812,JP,business_owner,156582.0596083361,7,False,False,False,149
C100813,US,student,5364.955567221754,7,False,False,False,862
C100814,IN,freelancer,10179.691893012488,5,False,False,False,1715
C100815,DE,salaried,80968.58651995448,7,False,False,False,1274
C100816,SG,trader,12296.188069487815,5,False,False,False,1941
C100817,IN,student,11099.870346919186,10,False,False,False,1567
C100818,US,trader,34218.75815836981,6,False,False,False,97
C100819,IN,freelancer,12966.917990359076,9,False,False,False,2165
C100820,IN,freelancer,14633.014566326437,5,False,False,False,1428
C100821,US,retired,9963.176296377642,6,False,False,True,2302
C100822,IN,student,19361.49225291842,7,False,False,False,554
C100823,US,salaried,6853.993519704797,7,False,False,False,1735
C100824,SG,freelancer,6830.332457973511,11,False,False,False,78
C100825,IN,freelancer,17311.682124976425,7,False,False,False,395
C100826,US,salaried,5895.5362308369695,8,False,False,False,2207
C100827,IN,retired,22254.779577641926,8,False,False,False,2222
C100828,SG,salaried,13226.842563872466,3,False,False,False,2385
C100829,IN,trader,45371.83141565845,6,False,False,False,515
C100830,US,business_owner,41239.991955456746,9,False,False,False,2230
C100831,US,salaried,4106.791570238584,7,False,False,False,137
C100832,IN,retired,21706.20420564722,4,False,False,False,1004
C100833,UK,business_owner,64172.13458467838,4,False,False,False,1095
C100834,UK,business_owner,14226.628861961733,8,False,False,False,1982
C100835,US,student,28280.250874415706,2,False,False,False,1713
C100836,AE,student,6358.293137050996,5,True,False,False,900
C100837,JP,salaried,3246.9848144924113,8,False,False,False,377
C100838,IN,business_owner,262248.67207901104,4,False,False,False,916
C100839,IN,retired,5682.343291835362,3,False,False,False,751
C100840,IN,retired,47954.918987381,12,False,False,False,1676
C100841,AE,student,13263.613507643631,8,False,False,False,204
C100842,IN,freelancer,25678.084475037565,8,False,False,False,1031
C100843,IN,salaried,10943.252783988863,6,False,False,False,1547
C100844,IN,student,11780.875298273466,8,False,False,False,1617
C100845,SG,salaried,13058.063102900724,2,False,False,False,1772
C100846,IN,salaried,28986.269258936645,5,False,False,False,719
C100847,UK,retired,16616.265250241897,8,False,False,False,1301
C100848,IN,freelancer,6373.259477210425,6,False,False,False,250
C100849,FR,salaried,41596.025326995514,4,False,False,False,1113
C100850,IN,business_owner,50321.113221179185,11,False,False,False,2455
C100851,IN,freelancer,9712.17870231844,7,False,False,False,2120
C100852,SG,business_owner,233086.5247067703,8,False,False,False,1558
C100853,DE,retired,20828.545690962284,3,False,False,False,1050
C100854,IN,trader,97558.22319528669,8,False,False,False,2252
C100855,IN,freelancer,14327.670687324357,8,False,False,False,1107
C100856,UK,trader,65808.97415628014,6,False,False,False,1909
C100857,SG,trader,67779.5169637937,5,False,False,False,1445
C100858,IN,trader,201737.26762954143,6,False,False,False,58
C100859,IN,retired,18475.71802584807,4,False,False,False,1761
C100860,UK,freelancer,20897.450421785645,7,False,False,False,2233
C100861,UK,freelancer,11364.819887215415,8,False,False,False,1943
C100862,AE,freelancer,25958.54823288344,3,False,False,False,1538
C100863,US,business_owner,79812.68478336849,8,False,False,False,106
C100864,IN,student,9386.628985936144,7,False,False,False,62
C100865,DE,freelancer,15350.30929671019,9,False,False,False,2128
C100866,SG,retired,5158.646444227441,7,False,False,False,1189
C100867,AE,student,15723.360514995067,5,False,False,False,1131
C100868,IN,student,4539.047767212507,8,False,False,False,1604
C100869,IN,retired,6506.722342580156,7,False,False,False,2265
C100870,UK,retired,3251.6440706184612,7,False,False,False,1094
C100871,IN,trader,37812.11806364709,8,False,False,False,1343
C100872,JP,retired,41222.668552602714,11,False,False,False,1399
C100873,IN,business_owner,43342.99848606112,6,False,False,False,1192
C100874,UK,retired,20962.905826854298,8,False,False,False,1643
C100875,SG,salaried,69329.08042560605,6,False,False,False,492
C100876,IN,student,17726.909834862417,5,False,False,False,935
C100877,IN,business_owner,255774.45278758937,5,False,False,False,1176
C100878,US,freelancer,8610.192699665982,8,False,False,False,1300
C100879,US,salaried,13365.883685365003,6,False,False,False,1234
C100880,IN,salaried,8578.151688178401,5,False,False,False,1049
C100881,US,student,9039.318832233579,7,False,False,False,2236
C100882,FR,student,26626.91263483132,7,False,False,False,2002
C100883,IN,business_owner,8737.659526665673,5,False,False,False,2218
C100884,IN,salaried,4218.248453958881,6,False,False,False,1488
C100885,IN,retired,7534.753055040363,5,False,False,False,1218
C100886,IN,student,9654.669170315381,5,False,False,False,1080
C100887,IN,business_owner,241701.8057760687,8,False,False,False,2169
C100888,IN,freelancer,29737.1656733593,12,False,False,False,1666
C100889,UK,business_owner,53124.4787363114,12,False,False,False,2136
C100890,IN,retired,9643.396818499275,6,False,False,False,2125
C100891,FR,trader,147425.58813389068,7,False,False,False,2371
C100892,IN,salaried,20170.95567720233,4,True,False,False,1365
C100893,IN,business_owner,136453.66003068147,5,False,False,False,907
C100894,AE,freelancer,12104.428991378147,9,False,False,False,2271
C100895,SG,retired,9991.333276529462,11,False,False,False,534
C100896,IN,salaried,2132.056433467893,4,False,False,False,810
C100897,IN,student,14563.348301953132,6,False,False,False,2360
C100898,IN,freelancer,11758.684212351709,7,False,False,False,1786
C100899,IN,student,32528.1691236507,12,False,False,False,1464
C100900,IN,student,13411.170864799064,6,False,False,False,1328
C100901,IN,salaried,5550.685791706584,9,False,False,False,1169
C100902,IN,salaried,11151.516637228782,6,False,False,False,2241
C100903,IN,retired,3090.9754812721494,8,False,False,False,1031
C100904,FR,business_owner,115960.22699181437,10,False,False,False,1201
C100905,US,salaried,20844.68289560243,5,False,False,False,216
C100906,IN,trader,90269.20353018912,7,False,False,False,290
C100907,IN,student,25482.717789820075,9,False,False,False,514
C100908,IN,retired,3371.7103753877186,5,False,False,False,752
C100909,IN,freelancer,11274.25426800318,7,False,False,False,732
C100910,AE,business_owner,146371.90702262768,5,False,False,False,1668
C100911,SG,trader,195092.04745760202,6,False,False,False,1380
C100912,DE,retired,21395.458047585165,10,False,False,False,15
C100913,JP,salaried,20943.351100260094,11,False,False,False,1294
C100914,JP,freelancer,39300.28409292647,8,False,False,False,209
C100915,FR,salaried,10325.161129801781,6,False,False,False,1359
C100916,IN,business_owner,195800.38459356845,5,False,False,False,130
C100917,IN,business_owner,71841.19246394534,8,False,False,False,195
C100918,IN,retired,6269.084280313223,4,False,False,False,2066
C100919,US,student,22627.530328733617,8,False,False,False,29
C100920,IN,salaried,4659.584141489441,5,False,False,False,2431
C100921,SG,retired,19949.032799072786,11,False,False,False,1160
C100922,US,freelancer,14341.593570150148,4,False,False,False,2066
C100923,IN,student,28290.940538263938,5,False,False,False,487
C100924,IN,student,12815.225363155183,8,False,False,False,1169
C100925,IN,salaried,13894.304159023444,8,False,False,False,2229
C100926,IN,retired,19081.708691367126,6,False,False,False,197
C100927,SG,freelancer,8401.33007835766,12,False,False,False,1080
C100928,US,salaried,8149.04144132843,11,False,False,False,311
C100929,UK,business_owner,122524.26382301688,6,False,False,False,883
C100930,IN,student,13088.621364487197,7,False,False,False,2426
C100931,IN,freelancer,10045.50206805513,2,False,False,False,1362
C100932,IN,trader,206841.25770664032,9,False,False,False,838
C100933,AE,business_owner,71417.94799368053,12,False,False,False,1573
C100934,AE,student,9797.54492368121,8,False,False,False,707
C100935,IN,business_owner,285636.2811364356,14,False,False,False,209
C100936,FR,salaried,4043.189108047585,4,False,False,False,1415
C100937,IN,freelancer,12969.46390883397,5,False,False,False,1854
C100938,DE,student,21158.954127168163,11,False,False,False,451
C100939,IN,business_owner,94026.53809490633,6,False,False,False,348
C100940,IN,business_owner,163024.68360348322,3,False,False,False,1496
C100941,SG,trader,49693.17784900694,12,False,False,False,969
C100942,IN,business_owner,117087.45920704566,8,True,False,False,2339
C100943,IN,freelancer,29116.64144845569,8,False,False,False,895
C100944,IN,business_owner,317220.2088527974,6,False,False,False,983
C100945,IN,salaried,40094.11070412343,5,False,False,False,1425
C100946,UK,business_owner,66909.71254290766,7,False,False,False,2445
C100947,SG,student,5276.716827637131,11,False,False,False,1725
C100948,SG,student,21260.4351686724,11,False,False,False,1667
C100949,IN,freelancer,23072.28130571981,8,False,False,False,2003
C100950,IN,trader,72119.72712534017,5,False,False,False,2040
C100951,IN,retired,32758.02500342015,8,False,False,False,1320
C100952,IN,business_owner,439330.585520039,10,False,False,False,719
C100953,IN,freelancer,20617.546956843995,3,False,False,False,392
C100954,FR,retired,15680.409574046502,8,False,False,False,1420
C100955,SG,retired,5067.038557969977,6,False,False,False,1741
C100956,AE,business_owner,168012.53457077136,7,False,False,False,918
C100957,IN,retired,9074.718598205516,7,False,False,False,1199
C100958,IN,freelancer,15491.658695914879,8,False,False,False,1116
C100959,IN,student,13879.375363476349,12,True,False,False,1474
C100960,IN,business_owner,211401.1349878241,10,False,False,False,2047
C100961,IN,freelancer,12479.823551514686,6,False,False,False,1112
C100962,IN,retired,25706.884991652903,10,False,False,False,1300
C100963,IN,business_owner,60729.844434031686,5,False,False,False,1043
C100964,FR,retired,15260.079318207518,5,False,False,False,758
C100965,IN,salaried,31000.011220126846,3,False,False,False,1754
C100966,FR,retired,49465.65928192818,5,False,False,False,1543
C100967,IN,freelancer,22300.6908517968,8,False,False,False,1312
C100968,US,business_owner,24134.181761467047,8,False,False,False,740
C100969,IN,salaried,15036.790799325077,3,False,False,False,2170
C100970,IN,retired,13386.52393144429,9,False,False,False,2012
C100971,IN,business_owner,130863.86647462034,4,False,False,False,1859
C100972,IN,trader,735072.7739768091,9,False,False,False,2039
C100973,DE,salaried,7726.024948542967,7,False,False,False,1193
C100974,IN,student,9314.539348051123,10,False,False,False,1571
C100975,US,freelancer,6133.329106350152,5,False,False,False,539
C100976,IN,student,19338.708080837034,6,False,False,False,1958
C100977,IN,salaried,13466.68677873362,6,False,False,False,48
C100978,IN,business_owner,56829.54890506109,6,False,False,False,1273
C100979,IN,freelancer,8985.08599581272,9,False,False,False,517
C100980,JP,freelancer,19025.57569778757,8,False,False,False,1491
C100981,AE,retired,23070.5854146584,6,False,False,False,706
C100982,UK,student,6055.003308811233,3,False,False,False,2411
C100983,IN,retired,5424.173036695854,3,False,False,False,299
C100984,IN,salaried,26060.003081748255,10,False,False,False,2056
C100985,DE,business_owner,115038.47111409214,7,False,False,False,1674
C100986,IN,student,19599.136412785374,9,False,False,False,2489
C100987,IN,freelancer,41433.14482440603,8,False,False,False,818
C100988,IN,student,41500.64973557698,2,False,False,False,1764
C100989,AE,freelancer,22393.159538100215,3,False,False,False,80
C100990,US,salaried,21942.19250564732,4,True,False,False,1693
C100991,AE,trader,362812.91849435895,6,False,False,False,1095
C100992,AE,retired,2606.915592027006,6,False,False,False,1817
C100993,IN,freelancer,9652.430488786633,7,False,False,False,1961
C100994,DE,salaried,24196.040773362798,9,False,False,False,1218
C100995,IN,business_owner,56448.806156968334,9,False,False,False,852
C100996,US,student,31819.825440195513,4,False,False,False,1783
C100997,IN,student,12996.718191720194,6,False,False,False,2256
C100998,JP,retired,14650.36754075006,5,False,False,False,901
C100999,IN,salaried,11022.872762956631,7,False,False,False,2132
C101000,IN,freelancer,9267.253430409419,10,False,False,False,1112
C101001,IN,retired,9109.04382397658,8,False,False,False,2223
C101002,IN,freelancer,16152.27858875618,6,False,False,False,1624
C101003,IN,freelancer,7768.283645564082,5,False,False,False,1671
C101004,US,trader,70767.36928136417,12,False,False,False,1722
C101005,IN,business_owner,523126.4423720935,7,False,False,False,2017
C101006,DE,business_owner,48615.525561664675,10,False,False,False,2153
C101007,IN,retired,6061.744753874359,9,False,False,False,975
C101008,UK,salaried,4065.802490964063,4,False,False,False,1865
C101009,IN,salaried,13320.639734514423,8,False,False,False,1734
C101010,US,trader,36738.78705499752,10,False,False,False,1481
C101011,US,retired,32414.01417944691,10,False,False,False,563
C101012,IN,freelancer,9062.384769979064,5,False,False,False,1166
C101013,FR,freelancer,17982.574669976428,4,False,False,False,515
C101014,IN,freelancer,22232.508313551105,6,False,False,False,345
C101015,IN,salaried,5126.242591450058,11,False,False,False,2359
C101016,UK,business_owner,36832.86070700809,10,False,False,False,1811
C101017,SG,salaried,11882.275455396146,7,False,False,False,1374
C101018,IN,retired,12538.05136754627,11,False,False,False,1107
C101019,IN,retired,13584.018379878562,6,False,False,False,183
C101020,DE,business_owner,56429.36487514415,6,False,False,False,880
C101021,UK,business_owner,55038.55345323485,3,False,False,False,497
C101022,JP,business_owner,52152.994571819596,5,False,False,False,1347
C101023,IN,student,16748.579120530736,4,False,False,False,1156
C101024,US,trader,121800.0875277778,7,False,False,False,2408
C101025,IN,retired,10820.821604662551,11,False,False,False,2115
C101026,FR,trader,33773.55397291911,6,False,False,False,1504
C101027,IN,retired,20037.59889609291,6,False,False,False,2240
C101028,UK,freelancer,27712.78799210004,7,False,False,False,826
C101029,IN,business_owner,125340.07373648058,8,False,False,False,288
C101030,US,student,72202.80266110666,6,False,False,False,1403
C101031,UK,retired,8850.526791026386,9,False,False,False,159
C101032,IN,retired,17653.54997571695,7,False,False,False,2357
C101033,DE,student,9831.1939949157,10,False,False,False,308
C101034,IN,business_owner,90716.75565424791,7,False,False,False,2141
C101035,US,salaried,12796.123938756557,7,False,False,False,1680
C101036,IN,freelancer,44497.63922443737,8,False,False,False,620
C101037,IN,business_owner,201503.57591058235,7,False,False,False,1334
C101038,IN,trader,125360.12875651292,8,False,False,False,1362
C101039,IN,business_owner,19315.64117183193,7,False,False,False,1846
C101040,IN,trader,64446.39751661618,10,False,False,False,1069
C101041,US,trader,35440.95435332539,6,False,False,False,1485
C101042,US,trader,26503.463282319448,5,False,False,False,1041
C101043,US,retired,17139.967160211323,6,False,False,False,244
C101044,IN,freelancer,11558.660350013159,7,False,False,False,1778
C101045,IN,trader,29932.369710354273,5,False,False,False,647
C101046,IN,salaried,10566.566757498415,3,False,False,False,700
C101047,AE,freelancer,4112.5498452933325,10,False,False,False,832
C101048,SG,business_owner,59586.8873678228,6,False,False,False,1418
C101049,IN,business_owner,267930.1979807334,5,False,False,False,1770
C101050,US,trader,39517.83372706235,4,False,False,False,2037
C101051,IN,salaried,21028.449312124038,4,False,False,False,1494
C101052,IN,trader,13641.439293176896,10,False,False,False,997
C101053,IN,business_owner,215717.23761724553,4,False,False,False,2367
C101054,IN,student,12527.811193336149,6,False,False,False,1190
C101055,UK,student,18431.58945238953,7,False,False,False,368
C101056,DE,salaried,13855.13604549757,9,False,False,False,2005
C101057,IN,freelancer,34229.819911215134,10,False,False,False,2346
C101058,IN,freelancer,7515.592715436159,6,False,False,False,730
C101059,UK,trader,106604.95913506464,7,False,False,False,554
C101060,FR,trader,49865.72688622232,11,False,False,False,883
C101061,US,retired,9173.183927441587,6,False,False,False,861
C101062,IN,trader,67111.96151882803,5,False,False,False,485
C101063,US,salaried,11956.631331722916,5,False,False,False,91
C101064,IN,trader,102686.76536157094,6,False,False,False,473
C101065,JP,business_owner,132239.04260768992,8,False,False,False,744
C101066,IN,trader,149976.29489156307,11,False,False,False,475
C101067,UK,business_owner,85780.14507035083,6,False,False,False,503
C101068,IN,salaried,14198.727088097556,5,False,False,False,2358
C101069,IN,student,5690.806787590008,6,False,False,False,547
C101070,SG,salaried,13754.58145173909,6,False,False,False,2054
C101071,US,retired,12165.708869744172,12,False,False,False,1432
C101072,IN,retired,4709.581211814434,7,False,False,False,1093
C101073,FR,freelancer,96575.35643301897,10,False,False,False,1953
C101074,SG,student,9445.219143083308,4,False,False,False,47
C101075,IN,salaried,9451.003543092898,6,False,False,False,1863
C101076,IN,business_owner,94562.93241918787,8,True,False,False,1043
C101077,IN,business_owner,77373.03548945667,4,False,False,False,2073
C101078,US,freelancer,29392.82299187502,7,False,False,False,2405
C101079,IN,freelancer,5762.772149573292,1,False,False,False,1829
C101080,IN,student,15517.695651435773,6,False,False,False,290
C101081,DE,trader,19504.665812114294,11,True,False,False,2441
C101082,DE,business_owner,123896.81773329013,8,False,False,False,1900
C101083,SG,student,4252.950698553014,7,False,False,False,51
C101084,JP,retired,7614.115250419977,7,False,False,False,479
C101085,UK,retired,13329.820499499607,6,False,False,False,2469
C101086,AE,trader,36267.59084543806,10,False,False,False,2092
C101087,AE,trader,22721.049040486738,9,False,False,False,1027
C101088,IN,trader,37265.132545485794,7,False,False,False,2391
C101089,IN,retired,22164.95479132447,8,False,False,False,1197
C101090,IN,business_owner,27267.52153233469,13,False,False,False,2168
C101091,US,student,5650.0482764631515,6,False,False,False,1445
C101092,IN,business_owner,57070.01821323282,8,False,False,False,1652
C101093,IN,trader,319451.0203748702,6,False,False,False,26
C101094,US,business_owner,212978.4348244976,4,False,False,False,2425
C101095,IN,freelancer,55024.64968187951,5,False,False,False,458
C101096,IN,retired,19127.063965846562,6,False,False,False,537
C101097,AE,student,27512.869840391697,5,False,False,False,1117
C101098,SG,retired,1543.7289518592686,8,False,False,False,1889
C101099,IN,business_owner,129445.11767653786,5,False,True,True,1924
C101100,IN,business_owner,419041.41460855975,10,False,False,False,1568
C101101,IN,student,25518.454819996634,11,False,False,False,2175
C101102,AE,trader,91233.6505798802,9,False,False,False,1735
C101103,SG,salaried,10876.87845018934,7,False,False,False,373
C101104,IN,retired,2263.2206548990002,10,False,False,False,1960
C101105,AE,freelancer,17838.15511804544,7,False,False,False,661
C101106,IN,salaried,3574.8200533758213,14,False,False,False,1301
C101107,IN,retired,29476.08365490526,10,False,False,False,1520
C101108,JP,freelancer,30574.06570179904,13,False,False,False,983
C101109,IN,freelancer,9584.890486591874,3,False,False,False,905
C101110,IN,student,19242.817463640156,5,False,False,False,673
C101111,IN,trader,21660.38781724844,8,False,False,False,748
C101112,US,trader,33193.62303851371,10,False,False,False,2465
C101113,FR,freelancer,5984.442138640982,4,False,False,False,961
C101114,JP,business_owner,30473.59544393589,6,False,False,False,1184
C101115,IN,salaried,4235.134386121997,8,False,False,False,1755
C101116,IN,student,3710.9711482332414,6,False,False,False,625
C101117,AE,business_owner,72146.50224137928,4,False,False,False,500
C101118,IN,freelancer,11523.338634350723,2,False,False,False,529
C101119,SG,business_owner,45927.2252253963,5,False,False,False,159
C101120,US,business_owner,130855.51395732623,8,False,False,False,1130
C101121,IN,freelancer,50010.29514173547,5,False,False,False,13
C101122,SG,retired,14949.355874390892,6,False,False,False,949
C101123,IN,trader,40276.92961778093,10,False,False,False,1319
C101124,IN,salaried,15337.616951425814,6,False,False,False,648
C101125,US,business_owner,587176.0677047496,6,False,False,False,628
C101126,IN,salaried,19994.493510234857,4,True,False,False,1503
C101127,UK,student,18204.28945790249,2,False,False,False,1406
C101128,US,business_owner,6006.279242544362,11,False,False,False,1972
C101129,JP,trader,49354.63587939265,9,False,False,False,2203
C101130,JP,salaried,3824.5903580467075,6,False,False,False,624
C101131,IN,trader,25403.805063737207,3,False,False,False,737
C101132,IN,student,11633.315448263429,7,False,False,False,1313
C101133,UK,trader,47814.28448784471,11,False,False,False,463
C101134,JP,freelancer,13548.238685222557,8,False,False,False,1821
C101135,IN,business_owner,65991.59903868301,6,False,False,False,8
C101136,IN,salaried,5586.360670627034,6,False,False,False,921
C101137,IN,retired,13259.622585647234,9,False,False,False,2453
C101138,IN,salaried,5225.262336052361,9,False,False,False,1836
C101139,UK,trader,34366.18190465288,10,False,False,False,1294
C101140,IN,business_owner,237185.23662807784,10,False,False,False,14
C101141,AE,salaried,17048.492612489423,6,False,False,False,2006
C101142,SG,freelancer,4777.632612138617,3,False,False,False,1117
C101143,AE,student,10214.162787301699,6,False,False,False,2145
C101144,IN,salaried,24995.45741685465,9,False,False,False,1960
C101145,IN,retired,15664.714721527336,7,False,False,False,2488
C101146,UK,freelancer,4221.8886039351,7,False,False,False,299
C101147,AE,retired,8344.219550496551,7,False,False,False,2149
C101148,IN,salaried,4670.563616628754,7,False,False,False,1780
C101149,DE,student,4079.25254261847,9,False,False,False,738
C101150,IN,salaried,14506.675812137404,8,False,False,False,2112
C101151,SG,student,19775.69308350218,10,False,False,False,1413
C101152,IN,freelancer,18186.305494906126,5,False,False,False,1651
C101153,IN,trader,17760.755156177816,6,False,False,False,2407
C101154,IN,salaried,13248.801895964963,10,False,False,False,1434
C101155,IN,freelancer,11032.788015240192,8,False,False,False,1585
C101156,IN,salaried,6303.444260823139,9,False,False,False,2164
C101157,IN,freelancer,9817.720339791073,5,False,False,True,1923
C101158,IN,retired,5297.84879956696,4,False,False,False,1604
C101159,AE,business_owner,370552.86090834596,2,False,False,False,2267
C101160,IN,business_owner,58265.63537398682,4,False,False,False,2276
C101161,US,business_owner,195296.068920334,12,False,False,False,1536
C101162,AE,business_owner,54974.32805409115,4,False,False,False,250
C101163,IN,salaried,5207.957804215865,6,False,False,False,1732
C101164,IN,business_owner,79142.46417147317,4,False,False,False,834
C101165,SG,freelancer,4931.445959752028,9,False,False,False,1472
C101166,AE,business_owner,18018.109363492953,9,False,False,False,945
C101167,IN,retired,10478.017525006184,6,False,False,False,849
C101168,AE,retired,24134.943771998227,9,False,False,False,2436
C101169,IN,retired,9752.056087680952,1,False,False,False,625
C101170,IN,freelancer,11685.17566178199,9,False,False,False,405
C101171,UK,business_owner,23085.658771675433,10,False,False,False,1585
C101172,IN,student,5010.36366445417,6,False,False,False,1612
C101173,AE,business_owner,16102.937168502083,8,False,False,False,2452
C101174,IN,trader,21526.716526254415,7,False,False,False,148
C101175,AE,trader,36864.412055324065,6,False,False,False,2290
C101176,IN,retired,19756.999271835484,8,False,False,False,2099
C101177,IN,freelancer,11336.494961330256,6,False,False,False,528
C101178,IN,retired,11197.844856191374,4,False,False,False,2047
C101179,IN,student,4005.5284127300592,9,False,False,True,2107
C101180,AE,trader,63093.076710935595,6,False,False,False,291
C101181,IN,student,8208.05673048098,8,False,False,False,57
C101182,IN,business_owner,215638.59234730015,8,False,False,False,1653
C101183,IN,student,33574.02439540029,8,False,False,False,1475
C101184,IN,business_owner,174128.90308224133,4,False,False,False,2158
C101185,AE,student,6526.865576700897,10,False,False,False,2326
C101186,IN,trader,111381.08953394374,5,False,False,False,264
C101187,JP,student,17053.170160801128,4,False,False,False,2398
C101188,IN,salaried,10712.172590523704,7,False,False,False,2133
C101189,US,trader,7160.696565857792,12,False,False,False,1509
C101190,IN,student,19820.51016552117,5,False,False,False,905
C101191,IN,salaried,18926.24367794001,4,False,False,False,1578
C101192,SG,business_owner,293776.3423416535,6,False,False,False,1413
C101193,JP,salaried,4197.1192845646265,9,False,False,False,977
C101194,SG,business_owner,55305.48214688955,7,False,False,False,200
C101195,IN,trader,15634.668241727271,6,False,False,False,1810
C101196,IN,freelancer,15522.389627969225,7,False,False,False,767
C101197,US,business_owner,23473.761779881614,8,False,False,False,618
C101198,IN,salaried,3560.786765843111,6,False,False,False,940
C101199,UK,business_owner,179810.45625697222,12,False,False,False,89
C101200,US,student,19152.198032021333,14,False,False,False,982
C101201,US,student,20868.720513006632,7,False,False,False,2089
C101202,AE,business_owner,106708.88575045028,13,False,False,False,1829
C101203,UK,business_owner,43936.636014236385,7,False,False,False,155
C101204,IN,salaried,32661.645354465836,4,False,False,False,828
C101205,IN,student,17813.57110261551,5,False,False,False,1663
C101206,US,retired,5754.149176277775,9,False,False,False,2328
C101207,IN,retired,7696.845679428637,8,False,False,False,1095
C101208,IN,business_owner,116110.98809757234,5,False,False,False,2470
C101209,IN,freelancer,21500.87552347609,5,False,False,False,112
C101210,AE,salaried,9494.101600065747,5,False,False,False,2276
C101211,AE,retired,23810.162996304527,7,False,False,False,403
C101212,US,freelancer,3808.7762398258587,8,False,False,False,1824
C101213,IN,business_owner,229411.38135607488,6,False,False,False,256
C101214,IN,retired,3149.3305742081884,5,False,False,False,2473
C101215,IN,freelancer,7128.2169143320025,10,False,False,True,539
C101216,IN,trader,46326.732193799806,7,False,False,False,923
C101217,US,business_owner,60646.49245330063,3,False,False,False,1590
C101218,UK,salaried,15743.979666153398,10,False,False,False,130
C101219,IN,student,8544.982562768813,8,False,False,False,1428
C101220,IN,business_owner,76839.19985745246,7,False,False,False,733
C101221,IN,business_owner,146858.20718391414,10,False,False,False,1085
C101222,DE,retired,4473.441956110103,7,False,False,False,835
C101223,US,business_owner,120988.8449933886,5,False,False,False,2108
C101224,IN,trader,73365.8437502684,9,False,False,False,1144
C101225,DE,retired,6425.32795133524,7,False,False,False,1883
C101226,IN,freelancer,7908.414281129687,8,False,False,False,108
C101227,IN,freelancer,13483.682898249619,6,False,False,False,1708
C101228,FR,salaried,16288.255109589836,6,False,False,False,961
C101229,IN,trader,28420.59060551647,5,False,False,False,1499
C101230,IN,trader,87725.07307788481,7,False,False,True,2117
C101231,US,freelancer,20446.309356467373,5,False,False,False,1741
C101232,IN,salaried,52734.03105199542,5,False,False,False,887
C101233,UK,salaried,12229.776262934098,6,False,False,False,570
C101234,IN,retired,12979.051053955363,9,False,False,False,2218
C101235,IN,retired,38918.17492386504,6,False,False,False,653
C101236,IN,retired,9095.944184940956,4,False,False,False,93
C101237,IN,business_owner,15153.440498005122,5,False,False,False,748
C101238,IN,student,15917.49794775835,7,False,False,False,31
C101239,IN,business_owner,101032.06031607006,8,False,False,False,1853
C101240,SG,freelancer,17201.175347774035,9,False,False,False,2224
C101241,IN,salaried,12482.576110305592,3,False,False,False,1083
C101242,IN,student,4847.045576362545,7,False,False,False,1536
C101243,IN,business_owner,200096.45943254165,5,False,False,False,2398
C101244,IN,retired,31672.638502410533,7,False,False,False,2313
C101245,IN,business_owner,62212.09577908589,10,False,False,False,105
C101246,US,retired,11256.229394478929,7,False,False,False,177
C101247,IN,trader,134562.59502423613,4,False,False,False,961
C101248,SG,salaried,8197.682739352353,11,False,False,False,701
C101249,DE,business_owner,136109.90512700946,8,False,False,False,391
C101250,IN,retired,18220.701448251075,9,False,False,False,382
C101251,IN,business_owner,289854.69891777873,11,True,False,False,2041
C101252,IN,business_owner,108237.08162736024,9,False,False,False,488
C101253,US,freelancer,4220.932752340031,11,False,False,False,1201
C101254,IN,business_owner,94258.04195847003,7,False,False,False,117
C101255,SG,salaried,9375.513952745454,8,False,False,False,1551
C101256,AE,freelancer,48378.881545545955,5,False,False,False,1854
C101257,AE,retired,49968.93479447799,6,False,False,False,1496
C101258,IN,retired,53824.43666213702,7,False,False,False,715
C101259,JP,student,6918.279352948325,7,False,False,False,202
C101260,IN,salaried,19901.658734263758,4,False,False,False,1003
C101261,IN,trader,73621.32999876245,5,False,False,False,1960
C101262,IN,business_owner,271116.49629915523,5,False,False,False,303
C101263,FR,student,10424.576674336997,8,False,False,False,2055
C101264,US,freelancer,32709.32328758138,4,False,False,False,2283
C101265,AE,salaried,13364.169549875174,10,False,False,False,1520
C101266,IN,retired,14613.109086162163,6,False,False,False,2111
C101267,JP,salaried,4552.88594159048,9,False,False,False,705
C101268,IN,business_owner,43469.71032370381,11,False,False,False,1555
C101269,IN,retired,11133.477067850434,5,False,False,False,1811
C101270,JP,freelancer,18496.655361850215,5,False,False,False,1788
C101271,IN,retired,15749.747145378627,9,False,False,False,1753
C101272,IN,freelancer,15163.637994579962,5,False,False,False,489
C101273,US,student,12938.989829398388,6,False,False,False,2281
C101274,IN,freelancer,23170.143581132572,6,False,False,False,1706
C101275,IN,salaried,11623.395787750153,5,False,False,False,297
C101276,IN,salaried,4824.0147999384,9,False,False,False,1600
C101277,IN,retired,19895.899306171294,7,False,False,False,2274
C101278,SG,salaried,7583.242309998683,9,False,False,False,64
C101279,US,trader,101203.6765091075,6,False,False,False,2218
C101280,IN,salaried,6531.746641761836,8,False,False,False,828
C101281,IN,business_owner,85382.24993141487,8,False,False,False,747
C101282,IN,freelancer,12486.918281823793,11,False,False,False,1221
C101283,US,business_owner,343366.4984651475,10,False,False,False,1791
C101284,DE,trader,208444.13294771596,7,False,False,False,262
C101285,FR,student,30286.636587086403,6,False,False,False,662
C101286,IN,salaried,9740.941257813807,11,False,False,False,2019
C101287,IN,salaried,11898.485625029305,6,False,False,False,591
C101288,IN,business_owner,46777.77406759498,13,False,False,False,876
C101289,US,retired,23314.773181143373,9,False,False,False,1605
C101290,IN,trader,12704.970574751576,10,False,False,False,630
C101291,US,freelancer,1918.3341783105025,8,False,False,False,129
C101292,US,salaried,44957.19648710318,2,False,False,False,1321
C101293,IN,retired,20857.738403073894,10,False,False,False,245
C101294,IN,salaried,74834.44030017646,6,False,False,False,968
C101295,IN,retired,7726.194969860737,8,False,False,False,1652
C101296,IN,salaried,3887.7449962524834,5,False,False,False,1850
C101297,IN,student,13427.403294526575,10,False,False,False,2379
C101298,UK,business_owner,173497.54888614922,6,False,False,False,2179
C101299,IN,business_owner,124131.74161215733,12,False,False,False,89
C101300,IN,trader,26926.229556769937,7,False,False,False,1218
C101301,US,salaried,12567.81045900859,5,False,False,False,62
C101302,AE,salaried,11288.100174654113,5,False,False,False,2004
C101303,IN,freelancer,19262.27644135638,4,False,False,False,191
C101304,AE,business_owner,36376.80334563764,12,False,False,False,1944
C101305,DE,trader,69491.41795332856,1,False,False,False,9
C101306,US,retired,27611.6884624461,6,False,False,False,281
C101307,US,salaried,32268.42573956074,8,False,False,False,2321
C101308,IN,trader,87238.80928434181,9,False,False,False,469
C101309,FR,business_owner,240423.72326424712,9,False,False,False,1187
C101310,IN,trader,31863.87795943435,4,False,False,False,1303
C101311,DE,business_owner,66056.87289466396,10,False,False,False,1731
C101312,US,salaried,7858.9948151041945,3,False,False,False,2338
C101313,IN,salaried,12200.015322858746,8,False,False,False,1043
C101314,IN,student,8351.833504332877,10,False,False,False,1510
C101315,UK,salaried,13167.17278927485,4,False,False,False,2493
C101316,US,retired,6454.333596041589,11,False,False,False,275
C101317,IN,student,5450.691685075945,8,False,False,False,1202
C101318,UK,trader,52831.0524438061,15,False,False,False,762
C101319,SG,business_owner,21154.640350729784,9,False,False,False,2348
C101320,IN,retired,13362.828485637838,4,False,False,False,1539
C101321,IN,student,26060.092303201927,4,False,False,False,1625
C101322,IN,salaried,25336.793032814374,10,False,False,False,472
C101323,AE,student,23304.313319759825,9,False,False,False,2369
C101324,IN,student,16514.70640432667,6,False,False,False,173
C101325,SG,salaried,22176.807531259834,6,True,False,False,1240
C101326,IN,salaried,34932.10826458999,5,False,False,False,1750
C101327,US,retired,17989.00138216822,7,False,False,False,2197
C101328,IN,salaried,3692.1283420849322,4,False,False,False,687
C101329,IN,freelancer,9228.268874628078,15,False,False,False,838
C101330,AE,salaried,21751.95788584465,9,False,False,False,99
C101331,IN,retired,8613.042010993939,5,False,False,False,1654
C101332,IN,business_owner,260336.60009303453,9,False,False,False,496
C101333,FR,salaried,12781.755994885583,12,False,False,False,1544
C101334,FR,salaried,14181.224352147041,10,False,False,False,216
C101335,SG,business_owner,103235.3486335622,6,False,False,False,1219
C101336,IN,freelancer,11754.660413644304,7,False,False,False,1198
C101337,US,salaried,15114.259652121207,9,False,False,False,1256
C101338,SG,retired,25068.97835932857,5,False,False,False,775
C101339,IN,freelancer,4766.704997191577,4,False,False,False,429
C101340,IN,business_owner,145166.20927388268,4,False,False,False,1940
C101341,AE,student,23870.706262462165,4,False,False,False,2265
C101342,IN,freelancer,13987.51050768859,9,False,False,False,695
C101343,US,retired,37314.36560892637,5,False,False,False,1138
C101344,JP,business_owner,144670.78733411978,7,False,False,False,276
C101345,US,retired,4092.8579178402697,7,False,False,False,382
C101346,IN,freelancer,22897.443863613535,4,False,False,False,884
C101347,IN,student,24491.09963809676,6,False,False,False,1762
C101348,IN,trader,17790.09679922873,3,False,False,False,1683
C101349,IN,retired,17681.53369761623,6,False,False,False,1819
C101350,AE,trader,70143.4028210963,4,False,False,False,227
C101351,SG,salaried,7557.500221058123,8,False,False,False,117
C101352,IN,salaried,8145.37969966707,12,False,False,False,691
C101353,IN,student,15257.223247028696,8,False,False,False,835
C101354,SG,retired,25156.265554733764,7,False,False,False,1287
C101355,IN,trader,92447.16088278813,7,False,False,False,1462
C101356,IN,retired,11631.086433846443,6,False,False,False,474
C101357,IN,salaried,11260.25285867387,9,False,False,False,2054
C101358,UK,salaried,17900.27533456703,11,False,False,False,1867
C101359,IN,freelancer,13278.62848538147,10,False,False,False,779
C101360,US,freelancer,9116.86698168936,11,False,False,False,1616
C101361,IN,student,32016.159750847284,9,False,False,False,752
C101362,US,retired,9159.251706173089,13,False,False,False,156
C101363,IN,business_owner,88548.72823476553,7,False,False,False,1842
C101364,IN,retired,4385.029599069062,9,False,False,False,219
C101365,IN,trader,108514.1898027965,6,False,False,False,551
C101366,IN,retired,19172.90289128142,7,False,False,False,760
C101367,IN,business_owner,280879.1331873663,5,False,False,False,2240
C101368,IN,salaried,20326.11706485109,5,False,False,False,1467
C101369,IN,salaried,19647.1506198981,6,False,False,False,1977
C101370,IN,student,57607.026402950294,10,False,False,False,2270
C101371,FR,salaried,7914.872161688681,12,False,False,False,2233
C101372,IN,student,4300.142237382617,4,False,False,False,1524
C101373,AE,retired,6403.582656167413,6,False,False,False,887
C101374,JP,salaried,8163.62602379306,6,False,False,False,1012
C101375,IN,student,6754.546714002723,5,False,False,False,418
C101376,US,salaried,14264.976173244573,9,False,False,False,1473
C101377,SG,salaried,32107.93368543974,9,False,False,False,1464
C101378,US,freelancer,39252.14420240023,8,False,False,False,2430
C101379,IN,business_owner,138477.9212474728,3,False,False,False,478
C101380,IN,business_owner,19391.4242916234,7,False,False,False,1893
C101381,IN,business_owner,14553.869914581694,7,False,False,False,668
C101382,IN,freelancer,4260.9042014331535,7,False,False,False,201
C101383,JP,salaried,27923.520672777147,6,False,False,False,1004
C101384,FR,business_owner,38393.09281079627,5,False,False,False,2409
C101385,IN,freelancer,7875.389195395411,10,False,False,False,1159
C101386,UK,trader,95900.57674221115,7,False,False,False,468
C101387,IN,retired,12435.778551473433,3,False,False,False,809
C101388,DE,business_owner,112803.29025693295,8,False,False,False,1738
C101389,IN,freelancer,5845.614360020404,4,False,False,False,715
C101390,FR,retired,13259.085935595804,7,False,False,False,582
C101391,SG,trader,127148.668749967,6,False,False,False,620
C101392,IN,business_owner,97142.69175144262,4,False,False,False,209
C101393,IN,freelancer,7471.431434880693,7,False,False,False,1726
C101394,SG,freelancer,5578.767080141307,6,False,False,False,804
C101395,IN,salaried,7580.116075662399,10,False,False,False,768
C101396,IN,freelancer,17582.04740604,5,False,False,False,824
C101397,DE,salaried,16992.40202885125,5,False,False,False,1737
C101398,US,freelancer,7628.4886871700255,10,False,False,False,2185
C101399,IN,student,2842.5829424830977,7,False,False,False,1858
C101400,IN,freelancer,17926.02657806111,7,False,False,False,1421
C101401,IN,retired,7126.708890912017,5,False,False,False,1787
C101402,FR,business_owner,136256.34106829014,5,False,False,False,571
C101403,IN,student,7869.291016547084,7,False,False,False,2286
C101404,IN,retired,6690.672574882453,9,False,False,False,1533
C101405,IN,student,14871.774031796074,10,False,False,False,2386
C101406,FR,retired,69590.92577442358,8,False,False,False,673
C101407,IN,freelancer,22568.73891323592,14,False,False,False,371
C101408,SG,freelancer,14696.336285789617,7,False,False,False,1788
C101409,UK,student,17174.75883680317,3,False,False,False,804
C101410,SG,student,3921.4583707822794,5,False,False,False,523
C101411,JP,trader,59033.758710562324,12,False,False,False,1970
C101412,SG,salaried,2303.879671330665,8,False,False,False,1334
C101413,FR,salaried,44842.504339878265,6,False,False,False,1955
C101414,IN,business_owner,105131.02732490443,7,False,False,False,612
C101415,AE,salaried,17588.014739624923,4,False,False,False,182
C101416,IN,business_owner,53264.297672951514,7,False,False,False,1027
C101417,IN,salaried,4509.253953267456,9,False,False,False,2405
C101418,DE,student,11458.53364421055,12,False,False,False,1466
C101419,JP,salaried,46848.502099023055,7,False,False,False,2141
C101420,UK,freelancer,14647.005615934675,6,False,False,False,2108
C101421,IN,trader,182888.62795759682,4,False,False,False,2248
C101422,IN,business_owner,319418.8499715867,9,False,False,True,1149
C101423,IN,retired,35109.0429231903,9,False,False,False,514
C101424,IN,student,12720.133591058147,9,False,False,False,2249
C101425,IN,retired,3906.067149441084,8,False,False,True,1254
C101426,IN,student,6995.441646416751,7,False,False,False,803
C101427,IN,freelancer,5462.83621873011,10,False,False,False,1104
C101428,AE,retired,12182.7894265498,7,False,False,False,1957
C101429,IN,salaried,15446.49319247162,10,False,False,False,903
C101430,FR,student,9393.263430477733,14,False,False,False,2079
C101431,US,retired,23015.71718825146,10,False,False,False,572
C101432,IN,business_owner,78630.74648007895,4,False,False,False,797
C101433,IN,trader,59056.24774758487,4,False,False,False,353
C101434,IN,freelancer,10404.192671118646,5,False,False,False,2178
C101435,JP,salaried,112614.7425255029,6,False,False,False,2176
C101436,IN,retired,8998.902402183247,6,False,False,False,521
C101437,IN,business_owner,44802.514363985625,10,False,False,False,1328
C101438,FR,salaried,6513.222464344981,9,False,False,False,1979
C101439,JP,business_owner,252235.83583139782,8,False,False,False,1504
C101440,IN,student,4009.1107451491357,5,False,False,False,1615
C101441,IN,business_owner,102017.91335362407,9,False,False,False,657
C101442,IN,freelancer,3520.2502552435285,9,False,False,False,77
C101443,IN,retired,14960.514562710658,6,False,False,False,2337
C101444,IN,salaried,5188.104973477978,6,False,False,False,2283
C101445,US,retired,10230.150953850649,8,False,False,False,2341
C101446,DE,business_owner,170742.31931581927,6,False,False,False,112
C101447,IN,retired,67025.3629821953,8,False,False,False,1680
C101448,US,business_owner,79899.95798040713,8,False,False,False,631
C101449,IN,salaried,12025.417159627144,5,False,False,False,804
C101450,AE,retired,8049.5295495656665,9,False,False,False,1034
C101451,US,retired,7266.941454310231,7,False,False,False,585
C101452,SG,student,8099.184600766863,5,False,False,False,1489
C101453,FR,retired,23785.85922674963,11,False,False,False,1490
C101454,IN,trader,137603.57172621685,8,False,False,False,2320
C101455,IN,business_owner,52207.5251346399,7,False,False,False,2083
C101456,IN,business_owner,177830.7632967054,10,False,False,False,1757
C101457,IN,freelancer,6587.917293980652,8,False,False,False,2417
C101458,FR,trader,45862.847075039645,4,False,False,False,1073
C101459,IN,trader,50720.738274930976,10,False,False,False,175
C101460,AE,business_owner,91618.88328964372,4,False,False,False,2198
C101461,IN,trader,26058.85858806781,2,False,False,False,838
C101462,IN,business_owner,374580.50860659406,11,False,False,False,1118
C101463,IN,salaried,8830.065547784456,10,False,False,False,980
C101464,US,salaried,21548.527316101743,10,False,False,False,2278
C101465,UK,freelancer,31670.54006815073,3,False,False,False,925
C101466,IN,trader,44220.50235190889,10,False,False,False,1711
C101467,IN,salaried,19358.000275933537,12,False,False,False,1671
C101468,UK,freelancer,12606.619656557947,8,False,False,False,1392
C101469,IN,salaried,23300.68570732768,7,False,False,False,1370
C101470,FR,salaried,5996.010244626336,7,False,False,False,185
C101471,IN,salaried,3672.9114772452003,5,False,False,False,2228
C101472,IN,trader,57322.78287863475,2,False,False,False,837
C101473,IN,student,6607.925943204283,6,False,False,False,560
C101474,IN,business_owner,149524.43462826012,13,False,False,False,552
C101475,IN,business_owner,58501.83300988171,6,False,False,False,1001
C101476,IN,business_owner,150539.77926323545,10,False,False,False,1561
C101477,JP,trader,42021.269705232495,7,False,False,False,1355
C101478,IN,retired,23919.579579547015,10,False,False,False,2088
C101479,IN,business_owner,63816.57113358906,11,False,False,False,2042
C101480,IN,freelancer,9804.427061966673,8,False,False,False,842
C101481,IN,student,14406.481119800872,7,False,False,False,2058
C101482,US,student,8801.28232259903,4,False,False,False,1706
C101483,IN,freelancer,11643.45798127371,6,False,False,False,2149
C101484,US,retired,83509.97764930435,9,False,False,False,5
C101485,IN,student,15176.945175591045,3,False,False,False,1300
C101486,JP,retired,18309.43009652837,8,False,False,False,1565
C101487,IN,business_owner,426986.65017600614,3,False,False,False,607
C101488,DE,salaried,27283.88166208094,10,False,False,False,1640
C101489,IN,salaried,22747.048867717735,6,False,True,True,1817
C101490,IN,student,22860.065171889946,8,False,False,False,351
C101491,AE,freelancer,15528.368761437197,3,False,False,False,2386
C101492,US,business_owner,44888.37541437345,6,False,False,False,2364
C101493,AE,trader,19770.761898864523,6,False,False,False,716
C101494,IN,business_owner,154112.5061481889,4,False,False,False,503
C101495,US,retired,12329.762681119162,5,False,False,False,499
C101496,SG,freelancer,24989.217056856007,4,False,False,False,96
C101497,US,student,7094.763710735321,3,False,False,False,61
C101498,IN,business_owner,26050.92629731888,8,False,False,False,784
C101499,US,trader,32164.004329529667,5,False,False,False,1667
C101500,UK,salaried,3948.3381667616763,8,False,False,False,1704
C101501,FR,student,23844.686696929883,6,False,False,False,1364
C101502,IN,freelancer,6808.725829498133,6,False,False,False,1626
C101503,IN,freelancer,9604.204832527923,10,False,False,False,341
C101504,AE,trader,29896.195094904288,7,False,False,False,2487
C101505,IN,business_owner,246394.91722578436,8,False,False,False,502
C101506,UK,student,10503.278300429172,9,False,False,False,920
C101507,IN,trader,73841.97636381137,8,False,False,False,1657
C101508,IN,retired,12813.577851360751,7,False,False,False,322
C101509,UK,salaried,9770.064331990065,10,False,False,False,1092
C101510,IN,business_owner,41737.436706354805,8,False,False,False,2335
C101511,IN,retired,28482.118464561652,8,False,False,False,586
C101512,US,salaried,3062.2830404639913,6,False,False,False,1550
C101513,UK,salaried,11568.016707614504,7,False,False,False,1516
C101514,DE,retired,9621.643486696024,9,False,False,False,197
C101515,IN,business_owner,20604.87983230846,4,False,False,False,136
C101516,IN,business_owner,54211.20193371409,7,False,False,False,370
C101517,FR,freelancer,9415.855109489832,6,False,False,False,45
C101518,IN,business_owner,91870.77713522952,7,False,False,False,1331
C101519,IN,salaried,28255.72941776041,9,False,False,False,655
C101520,IN,salaried,16857.138176998997,5,False,False,False,1497
C101521,IN,salaried,5834.584024089229,8,False,False,False,727
C101522,SG,salaried,9497.332957860091,5,False,False,False,878
C101523,AE,retired,24840.63121266606,4,False,False,False,265
C101524,UK,business_owner,98576.20629251491,7,False,False,False,1989
C101525,IN,salaried,12644.138310992119,7,False,False,False,291
C101526,IN,salaried,13274.705791047745,2,False,False,False,2282
C101527,IN,trader,76638.43015960135,8,False,False,False,423
C101528,IN,student,88170.37030403574,6,False,False,False,2476
C101529,IN,trader,19182.9002700178,7,False,False,False,1812
C101530,IN,salaried,18303.280985008176,7,False,False,True,2059
C101531,IN,business_owner,351986.15118175186,4,False,False,False,2016
C101532,US,trader,154646.24251000347,8,False,False,False,1116
C101533,UK,business_owner,105257.51518176364,5,False,False,False,458
C101534,IN,student,8852.23434304319,6,False,False,False,1693
C101535,IN,retired,12857.836249853199,11,False,False,False,1643
C101536,AE,trader,115093.638233784,3,False,False,False,2018
C101537,UK,student,5996.4165706360545,11,False,False,False,587
C101538,AE,business_owner,64183.44013934105,4,False,False,False,2048
C101539,IN,salaried,9065.210443630145,10,False,False,False,2200
C101540,AE,student,2466.292697834541,4,False,False,False,1829
C101541,IN,student,45970.230804239116,6,False,False,False,675
C101542,IN,business_owner,79901.05747139466,7,False,False,False,620
C101543,IN,freelancer,11243.425866221416,5,False,False,False,328
C101544,IN,business_owner,40115.853498651275,13,False,False,False,2074
C101545,IN,freelancer,12097.819806492838,10,False,False,False,1100
C101546,IN,retired,11916.322506441968,8,False,False,False,770
C101547,AE,retired,5654.906581666836,5,False,False,False,389
C101548,IN,freelancer,4254.00601728947,10,False,False,False,1237
C101549,IN,retired,11890.911107320213,11,False,False,False,499
C101550,IN,freelancer,17222.41206877143,7,False,False,False,2090
C101551,IN,retired,16545.472621158064,6,False,False,False,850
C101552,IN,business_owner,51917.147651226776,9,False,False,False,1117
C101553,IN,trader,221081.2116482009,8,False,False,False,1653
C101554,IN,trader,183689.9217069655,8,False,False,False,1749
C101555,AE,freelancer,18437.039094159412,12,False,False,False,296
C101556,FR,salaried,14957.738814470948,5,False,False,False,195
C101557,IN,business_owner,227085.1098048424,6,False,False,False,713
C101558,US,student,13429.858488607913,13,False,False,False,1868
C101559,SG,salaried,6905.900385451593,3,False,False,False,2146
C101560,JP,freelancer,12893.696224384506,8,False,False,False,2430
C101561,US,freelancer,10620.486887110117,4,False,False,False,688
C101562,SG,trader,302034.30709500343,5,False,False,False,1910
C101563,DE,salaried,13613.598245893254,7,False,False,False,425
C101564,AE,salaried,5530.5210320937,5,False,False,False,477
C101565,IN,business_owner,137369.53910770983,4,False,False,False,1336
C101566,IN,salaried,16059.177015825639,12,False,False,False,248
C101567,IN,salaried,35178.14115398509,6,False,False,False,88
C101568,IN,salaried,14122.767901236513,10,False,False,False,2488
C101569,IN,business_owner,60632.220633779085,9,False,True,True,2010
C101570,IN,student,27145.49571573887,9,False,False,False,1691
C101571,US,freelancer,16102.894091533568,9,False,False,False,560
C101572,US,salaried,7554.177182844649,5,False,False,False,195
C101573,SG,freelancer,15316.954935420348,10,False,False,False,336
C101574,IN,salaried,31099.62441232658,6,False,False,False,1056
C101575,IN,trader,58358.521612864635,6,False,False,False,2021
C101576,AE,salaried,22556.346351234282,10,False,False,False,1486
C101577,SG,salaried,9664.528738099514,7,False,False,False,2107
C101578,JP,salaried,11595.268061973084,6,False,False,False,2273
C101579,SG,trader,7735.460535842262,6,False,False,False,1838
C101580,SG,trader,92939.81279817915,7,False,False,False,254
C101581,IN,trader,5071.895412945257,4,False,False,False,590
C101582,IN,freelancer,2583.701630501284,7,False,False,False,846
C101583,IN,retired,13648.389566917846,7,False,False,False,1319
C101584,US,retired,12636.598645838127,8,False,False,False,1983
C101585,FR,freelancer,5115.084513814423,4,False,False,False,2422
C101586,IN,freelancer,21380.553044300967,2,False,False,False,2458
C101587,US,trader,30071.343668722177,2,False,False,False,1197
C101588,IN,business_owner,356359.1249147097,7,False,False,False,2478
C101589,IN,trader,7848.4144537079765,6,False,False,False,2374
C101590,IN,salaried,27091.669326346284,11,False,False,False,420
C101591,IN,student,19973.084225048504,8,False,False,False,1692
C101592,FR,trader,45114.67312949335,9,False,False,False,1099
C101593,IN,retired,11905.121733620063,8,False,False,False,2113
C101594,SG,student,54152.75269477966,9,False,False,False,2170
C101595,UK,trader,34833.87948534524,10,False,False,False,485
C101596,IN,student,7905.508391488138,5,False,False,False,1511
C101597,IN,trader,68419.49527020556,9,False,False,False,2317
C101598,AE,salaried,19866.429003297104,5,False,False,False,1670
C101599,IN,salaried,12847.334142655389,8,False,False,False,2134
C101600,DE,salaried,4913.507298199931,8,False,False,False,1809
C101601,IN,student,18033.930964866646,8,False,False,False,1963
C101602,UK,trader,57638.14554609524,1,False,False,False,2119
C101603,AE,business_owner,25427.71228056984,2,False,False,False,2353
C101604,IN,trader,14122.44505860641,10,False,False,False,499
C101605,IN,business_owner,192255.10459188808,9,False,False,False,1973
C101606,FR,student,20805.88867708955,12,False,False,True,962
C101607,IN,student,9428.256238604565,3,False,False,False,1443
C101608,IN,salaried,9867.311347402769,7,False,False,False,1644
C101609,IN,retired,9204.152458249471,3,False,False,False,1623
C101610,IN,trader,172614.2244660371,9,False,False,False,496
C101611,AE,salaried,10977.45966792758,6,False,False,False,2053
C101612,AE,student,34916.34114983203,7,False,False,False,1789
C101613,IN,salaried,46557.31480977105,12,False,False,False,1874
C101614,SG,business_owner,64615.75259444771,10,False,False,False,1543
C101615,IN,salaried,1729.0082888957606,5,False,False,False,1481
C101616,IN,trader,84684.52463905691,6,False,False,False,697
C101617,US,freelancer,10515.647572661994,12,False,False,False,1497
C101618,JP,business_owner,139327.70424042322,6,False,False,False,705
C101619,IN,salaried,8847.562936678896,8,False,False,False,2201
C101620,IN,salaried,9992.902050912666,12,False,False,False,130
C101621,IN,student,33124.72175769735,8,False,False,False,29
C101622,AE,retired,14942.097855276903,5,False,False,False,1823
C101623,IN,student,32810.99793528123,7,False,False,False,1796
C101624,IN,freelancer,18881.80584121557,4,False,False,False,1401
C101625,UK,freelancer,10759.436831161594,7,False,False,False,1416
C101626,IN,retired,10165.449625083531,7,False,False,False,91
C101627,IN,freelancer,19793.84135307342,4,False,False,False,2096
C101628,IN,trader,12710.125166500657,8,False,False,False,2118
C101629,IN,business_owner,133926.2655258072,7,False,False,False,517
C101630,IN,trader,39854.56952123798,6,False,False,False,43
C101631,SG,salaried,15102.9308422646,1,False,False,False,1315
C101632,US,business_owner,367933.2347768149,4,False,False,False,635
C101633,UK,retired,10211.037089366862,13,False,False,False,323
C101634,JP,student,6036.272570488264,6,False,False,False,286
C101635,IN,salaried,7597.771452261473,5,False,False,False,1650
C101636,IN,salaried,11285.513490069527,5,False,False,False,901
C101637,DE,salaried,21237.95090821627,6,False,False,False,1910
C101638,IN,retired,32250.35232274331,9,False,False,False,789
C101639,UK,business_owner,240254.9578405097,5,False,False,False,1560
C101640,AE,business_owner,288484.23865277413,3,False,False,False,683
C101641,IN,salaried,10399.32575788994,6,False,False,False,1389
C101642,IN,student,23302.173596696313,6,False,False,False,1748
C101643,IN,trader,16973.45583366427,4,False,False,False,861
C101644,IN,retired,9889.089577605879,7,False,False,False,2220
C101645,IN,retired,4972.137941920485,9,False,False,False,1601
C101646,IN,salaried,18739.4296640664,6,False,False,False,507
C101647,AE,retired,11932.49521390338,5,False,False,False,2249
C101648,DE,freelancer,8452.085338401308,8,False,False,False,1249
C101649,AE,freelancer,11140.481585716449,11,False,False,False,1804
C101650,IN,business_owner,84158.1297072535,9,False,False,True,867
C101651,IN,student,6611.588119844236,7,False,False,False,62
C101652,IN,student,7411.871557247288,9,False,False,False,1410
C101653,IN,trader,114548.69528318502,7,False,False,False,1274
C101654,FR,salaried,14087.489029577342,4,False,False,False,1811
C101655,IN,student,21350.445131677832,10,True,False,False,1842
C101656,IN,student,17698.34368392599,3,False,False,False,1722
C101657,SG,freelancer,13033.337974359338,3,False,False,False,1262
C101658,IN,freelancer,10469.176176710673,7,False,False,False,20
C101659,IN,business_owner,54753.35491682518,5,False,False,False,1480
C101660,IN,salaried,30140.817567248203,7,False,False,False,2374
C101661,US,student,28536.288667998888,9,False,False,False,2279
C101662,AE,trader,59384.291622839424,7,False,False,False,208
C101663,IN,business_owner,609461.1372607992,11,False,False,False,2185
C101664,DE,retired,10398.796133777683,6,False,False,False,365
C101665,SG,salaried,7875.243026445048,6,False,False,False,207
C101666,SG,salaried,11866.45287979446,8,False,False,False,70
C101667,IN,business_owner,139925.18898335221,9,False,False,False,1278
C101668,IN,trader,499917.07031205186,7,False,False,False,445
C101669,SG,trader,79385.5782198757,5,False,False,False,1557
C101670,IN,business_owner,450815.3489094666,8,False,False,False,1169
C101671,US,trader,197140.3983030851,11,False,False,False,2130
C101672,AE,trader,18266.108021443313,8,False,False,False,530
C101673,IN,freelancer,8138.615039304069,6,False,False,False,667
C101674,AE,freelancer,17803.750050675488,9,False,False,False,1296
C101675,FR,student,12609.90108717106,13,False,False,False,353
C101676,UK,retired,5100.7679846977635,10,False,False,False,1148
C101677,IN,business_owner,116922.50347621243,4,False,False,False,1494
C101678,SG,student,9545.331635361284,6,False,False,False,1545
C101679,IN,freelancer,40720.37065010173,9,False,False,False,1171
C101680,UK,business_owner,16051.865025615782,5,False,False,False,257
C101681,AE,trader,149952.1667088709,4,False,False,False,647
C101682,UK,retired,8184.649125470449,7,False,False,False,183
C101683,IN,retired,6749.368579652249,7,False,False,False,2357
C101684,IN,trader,88917.00173226213,8,False,False,False,1455
C101685,IN,salaried,46138.23723643207,7,False,False,False,797
C101686,IN,business_owner,96100.71423625946,5,False,False,False,758
C101687,IN,salaried,7675.620168020199,6,False,False,False,142
C101688,US,retired,3714.354224232293,7,False,False,False,1184
C101689,IN,freelancer,4003.9882968116212,7,False,False,False,151
C101690,AE,trader,11019.69413005569,5,False,False,False,1756
C101691,DE,retired,8573.389243818747,4,False,False,False,506
C101692,IN,retired,11420.491326672265,6,False,False,False,255
C101693,UK,retired,2722.95056988723,10,False,False,False,296
C101694,UK,salaried,12529.271220978444,8,False,False,False,75
C101695,IN,freelancer,27430.500839926815,6,False,False,False,989
C101696,IN,student,41605.55092958563,7,False,False,False,151
C101697,AE,retired,3547.1072688764875,3,False,False,False,205
C101698,FR,business_owner,111732.41553320199,7,False,False,False,551
C101699,UK,trader,21499.280079956767,5,False,False,False,1405
C101700,DE,student,14794.414639025917,11,False,False,False,554
C101701,JP,salaried,5688.2576779438605,5,False,False,False,1023
C101702,IN,freelancer,43372.64726759189,6,False,False,False,1076
C101703,US,salaried,13773.004094199578,5,False,False,False,1496
C101704,IN,student,12256.32730710319,5,False,False,False,121
C101705,JP,salaried,40737.30814728218,7,False,False,False,2473
C101706,IN,salaried,13210.492288082662,7,False,False,False,235
C101707,IN,business_owner,193916.12757040677,5,False,False,False,2479
C101708,SG,business_owner,130144.09339361015,9,False,False,False,716
C101709,IN,trader,58442.878001494624,9,False,False,False,1045
C101710,AE,business_owner,56295.09591952667,4,False,False,False,172
C101711,IN,trader,59453.719150524106,8,False,False,False,920
C101712,JP,freelancer,20808.454798609106,6,False,False,False,2247
C101713,SG,freelancer,16190.410248562697,4,False,False,False,1705
C101714,IN,student,6744.877634861218,6,False,False,True,1559
C101715,AE,trader,26562.428634294716,11,False,False,False,922
C101716,IN,freelancer,5164.764101380635,2,False,False,False,2315
C101717,US,retired,4460.697777907515,4,False,False,False,1946
C101718,US,business_owner,54152.777163673745,10,False,False,False,634
C101719,AE,retired,52477.702200649845,8,False,False,False,1506
C101720,IN,student,50439.302550562796,12,False,False,False,994
C101721,IN,business_owner,390342.1176378479,8,False,False,False,502
C101722,UK,business_owner,276894.34252622747,5,False,False,False,1641
C101723,US,trader,32331.030803681773,3,False,False,False,1040
C101724,IN,business_owner,77833.84388932267,2,False,False,False,249
C101725,IN,freelancer,14964.094736241328,7,False,False,False,2159
C101726,IN,student,23218.145322842196,6,False,False,False,1517
C101727,SG,freelancer,25273.08461779839,4,False,False,False,1385
C101728,IN,salaried,11635.367461190002,8,False,False,False,2498
C101729,IN,business_owner,22994.750645269112,11,False,False,False,1776
C101730,FR,retired,8180.861914015054,8,False,False,False,2448
C101731,IN,business_owner,127845.72497191542,10,False,False,False,1776
C101732,UK,freelancer,9366.900635968763,5,False,False,False,427
C101733,IN,retired,18427.89745069603,4,False,False,False,1207
C101734,SG,business_owner,284394.27963498887,10,False,False,False,1275
C101735,UK,freelancer,14018.911773355501,6,False,False,False,742
C101736,SG,trader,459904.2933198509,4,False,False,False,776
C101737,IN,salaried,4450.272681602371,8,False,False,False,1492
C101738,IN,trader,139522.9216650539,7,False,False,False,1032
C101739,AE,trader,176697.99840524787,6,False,False,False,287
C101740,IN,salaried,4864.482556971339,8,False,False,False,1455
C101741,IN,student,10048.662698542857,5,False,False,False,1495
C101742,IN,freelancer,10277.977654558084,9,False,False,False,2042
C101743,FR,salaried,33415.617204859525,9,False,False,False,261
C101744,UK,student,14761.439073464484,5,False,False,False,1145
C101745,US,student,27463.158738580565,8,False,False,False,2254
C101746,UK,salaried,16500.934640559466,8,False,False,False,665
C101747,IN,salaried,9182.299203360039,5,False,False,False,1860
C101748,IN,trader,46081.77464383757,5,False,False,False,862
C101749,IN,freelancer,22261.153296500936,6,False,False,False,457
C101750,US,retired,30803.417743694878,8,False,False,False,1778
C101751,IN,trader,19968.227152098683,10,False,False,False,1962
C101752,SG,freelancer,4216.423556763329,7,False,False,False,2287
C101753,AE,salaried,4013.979490312216,7,False,False,False,1816
C101754,IN,freelancer,10630.804738278233,3,False,False,False,770
C101755,US,student,2600.525838652917,2,False,False,False,1822
C101756,IN,freelancer,46937.54306561205,5,False,False,False,85
C101757,JP,trader,58687.55481523378,8,False,False,False,841
C101758,DE,business_owner,33538.25663010098,3,False,False,False,536
C101759,DE,student,6144.094675876205,1,False,False,False,1309
C101760,IN,salaried,27437.977344375027,7,False,False,False,1727
C101761,IN,business_owner,187959.96115183883,4,False,False,False,1466
C101762,IN,salaried,6550.137137802887,6,False,False,False,456
C101763,IN,student,7815.2938426917335,4,False,False,False,945
C101764,IN,trader,27434.205109777864,5,False,False,False,230
C101765,IN,student,20631.167718647386,6,False,False,False,1403
C101766,JP,freelancer,30787.700764777434,5,False,False,False,1858
C101767,IN,freelancer,27763.567240441298,5,False,False,False,613
C101768,IN,freelancer,13366.964370213369,4,False,False,False,1322
C101769,AE,business_owner,37127.69538339017,8,False,False,False,2187
C101770,US,freelancer,8352.367162776356,3,False,False,False,290
C101771,AE,retired,3734.591758089147,4,False,False,False,2401
C101772,US,student,8351.59860985478,6,False,False,False,833
C101773,SG,freelancer,7597.827574912591,8,False,False,False,820
C101774,US,student,8583.603131626063,13,False,False,False,1786
C101775,IN,student,6825.614751868825,8,False,False,False,859
C101776,UK,freelancer,9674.252904024986,9,False,False,False,1018
C101777,IN,trader,54735.01224597314,3,False,False,False,544
C101778,IN,salaried,44386.0261203309,12,False,False,False,341
C101779,IN,business_owner,190043.35993278012,7,False,False,False,2162
C101780,IN,student,5423.983356748655,13,False,False,False,247
C101781,AE,salaried,7677.026823963779,9,False,False,False,412
C101782,IN,trader,14110.931388408273,5,False,False,False,2063
C101783,IN,retired,11574.235044691133,3,False,False,False,1998
C101784,IN,business_owner,95738.57680089037,7,False,False,False,543
C101785,SG,student,22064.231791496284,9,False,False,False,2081
C101786,IN,freelancer,26094.326297429587,9,False,False,False,1814
C101787,UK,salaried,13185.434184136622,6,False,False,False,793
C101788,SG,business_owner,45102.262210385255,12,False,False,False,202
C101789,IN,retired,16142.255807213856,8,False,False,False,1943
C101790,AE,student,11347.040659689594,5,False,False,False,1703
C101791,IN,student,11285.688858535825,11,False,False,False,1135
C101792,IN,student,9333.075237470484,7,False,False,False,688
C101793,UK,salaried,25526.90500419796,8,False,False,False,874
C101794,DE,retired,15913.389781273812,4,False,False,False,685
C101795,IN,salaried,27583.984659419773,9,False,False,False,2233
C101796,US,salaried,34044.65423793123,5,False,False,False,513
C101797,IN,retired,18421.735768857263,6,False,False,False,1136
C101798,US,trader,12814.577324945756,4,False,False,False,1604
C101799,US,freelancer,27673.439311746748,7,False,False,False,142
C101800,US,student,18508.128474985668,4,False,False,False,1257
C101801,US,salaried,82648.9537002848,6,False,False,False,1588
C101802,IN,freelancer,16598.57325150444,7,False,False,False,1321
C101803,UK,student,21772.0350040867,6,False,False,False,1646
C101804,UK,trader,111882.921480478,11,False,False,False,1222
C101805,UK,freelancer,12464.38910201279,8,False,False,False,1588
C101806,IN,trader,294258.8601881918,4,False,False,False,2443
C101807,IN,student,16415.326026892526,5,False,False,False,903
C101808,IN,salaried,19241.468107451117,6,False,False,False,895
C101809,IN,student,29973.577715659172,4,False,False,False,1698
C101810,IN,retired,16584.028801408374,5,False,False,False,228
C101811,IN,retired,9662.209011494799,10,False,False,False,731
C101812,UK,trader,52507.64528096187,8,False,False,False,420
C101813,IN,freelancer,5291.960917310968,8,False,False,False,1163
C101814,AE,trader,32480.792435440926,4,False,False,False,308
C101815,IN,business_owner,219261.6551203857,8,False,False,False,545
C101816,AE,student,26296.952109999496,4,False,False,False,1065
C101817,IN,freelancer,16213.274515322788,9,False,False,False,1535
C101818,IN,retired,16524.712746235407,7,False,False,False,1078
C101819,US,salaried,12305.314082786559,7,False,False,False,2027
C101820,DE,retired,7696.652537761608,6,False,False,True,2000
C101821,IN,freelancer,6781.98573726577,9,False,False,False,248
C101822,IN,student,44798.31348021072,5,False,False,False,1740
C101823,US,salaried,14469.130893662505,8,False,False,False,72
C101824,UK,freelancer,29368.77817874852,4,False,False,False,437
C101825,IN,freelancer,35222.30608039175,9,False,False,False,1904
C101826,IN,freelancer,10020.689142100138,4,False,False,False,1458
C101827,IN,salaried,17969.911163222387,10,False,False,False,810
C101828,DE,trader,31447.846550944065,6,False,False,False,388
C101829,IN,business_owner,81904.94012207251,12,False,False,False,812
C101830,IN,freelancer,11733.039346017347,9,False,False,False,1949
C101831,FR,business_owner,199862.27646677845,6,False,False,False,1414
C101832,IN,trader,36107.572808960096,6,False,False,False,329
C101833,IN,freelancer,10642.490054986309,9,False,False,False,1219
C101834,IN,salaried,11832.948927053892,3,False,False,False,506
C101835,IN,retired,58575.42575634086,12,False,False,False,308
C101836,IN,retired,3700.287299113513,5,False,False,False,220
C101837,IN,salaried,18980.175322014715,7,False,False,False,1902
C101838,AE,salaried,11188.733862906443,8,False,False,False,404
C101839,UK,student,8531.679923391555,8,False,False,False,444
C101840,IN,business_owner,50603.569467261295,9,False,False,False,2166
C101841,US,student,21314.936939326566,10,False,False,False,2065
C101842,IN,trader,9282.6093651714,7,False,False,False,1258
C101843,FR,trader,66111.17069909102,5,False,False,False,1912
C101844,IN,business_owner,32767.825614950947,6,False,False,False,62
C101845,US,freelancer,32473.611886818933,7,False,False,False,422
C101846,IN,salaried,23658.155108501596,4,False,False,False,887
C101847,US,trader,89757.98634338606,5,False,False,False,1896
C101848,IN,trader,10975.61534687921,5,False,False,False,231
C101849,AE,salaried,18947.749837902793,5,False,False,False,1654
C101850,IN,trader,17562.02899589592,15,False,False,True,180
C101851,DE,freelancer,4453.264822620201,9,False,False,False,2454
C101852,IN,retired,3242.361058114017,5,False,False,False,525
C101853,AE,salaried,14029.23777055361,4,False,False,False,1781
C101854,SG,student,16459.001339149967,12,False,False,False,1558
C101855,JP,student,5841.558435656372,9,False,False,False,978
C101856,IN,retired,27784.195554539212,3,False,False,False,1909
C101857,IN,student,14861.848494424308,6,False,False,False,1552
C101858,IN,trader,13828.602122665028,12,False,False,False,1128
C101859,IN,retired,17315.80780085442,7,False,False,False,1656
C101860,US,retired,6333.235358717287,7,False,False,False,721
C101861,JP,freelancer,18412.71705762886,8,False,False,False,1865
C101862,JP,business_owner,27751.40806551683,13,False,False,False,1753
C101863,IN,freelancer,9105.769384221965,9,False,False,False,1174
C101864,US,student,4868.469530414179,10,False,False,False,1646
C101865,SG,student,14331.386124711995,8,False,False,False,2070
C101866,FR,trader,68319.9639862684,6,False,False,False,1606
C101867,IN,business_owner,51679.84137075228,6,False,False,False,720
C101868,IN,retired,10046.467143746828,6,False,False,False,695
C101869,SG,salaried,44677.29789617246,6,False,False,False,2408
C101870,IN,salaried,3020.232012462818,5,False,False,False,2021
C101871,IN,freelancer,14681.697410487894,4,False,False,False,779
C101872,JP,student,36336.384572287934,9,False,False,False,1793
C101873,JP,business_owner,44141.04173816083,2,False,False,False,98
C101874,DE,trader,15005.221299572475,8,False,False,False,1732
C101875,AE,business_owner,164106.03169876704,7,False,False,False,504
C101876,IN,trader,309257.6959672386,6,False,False,False,781
C101877,IN,salaried,15854.931218107886,4,False,False,False,2318
C101878,IN,freelancer,5394.875925104042,8,False,False,False,351
C101879,US,freelancer,12361.249931823279,4,False,False,False,1976
C101880,IN,business_owner,33402.458283126,7,False,False,False,1010
C101881,US,business_owner,93093.02524728139,7,False,False,False,1101
C101882,IN,retired,6633.295775277366,8,False,False,False,1156
C101883,UK,business_owner,461798.16946692026,11,False,False,False,2263
C101884,IN,salaried,22274.100571318508,5,False,False,False,1252
C101885,IN,salaried,6445.702960415724,6,False,False,False,620
C101886,IN,student,5399.8405507861435,7,False,False,False,23
C101887,IN,trader,87056.98884376229,11,False,False,True,587
C101888,SG,salaried,19568.78973959905,6,False,False,False,400
C101889,IN,student,16202.179177018717,6,False,False,False,326
C101890,IN,salaried,23226.703268524696,6,False,False,False,2482
C101891,AE,trader,43666.927691243865,7,False,False,False,1108
C101892,US,salaried,6993.14759613767,9,False,False,False,2497
C101893,IN,retired,25417.48347204301,5,False,False,False,1287
C101894,IN,retired,9068.716662898138,9,False,False,False,552
C101895,IN,retired,15223.318438631088,4,False,False,False,367
C101896,US,business_owner,29467.522189038602,7,False,False,False,1900
C101897,IN,business_owner,426047.67660814995,5,False,False,False,290
C101898,IN,student,27080.722981548428,6,False,False,False,134
C101899,IN,retired,8091.810690226159,5,False,False,False,979
C101900,US,salaried,23627.171772519294,7,False,False,False,791
C101901,IN,retired,2613.08347923027,4,False,False,False,585
C101902,SG,retired,9031.06733537774,7,False,False,False,1287
C101903,IN,freelancer,11849.627931507317,7,False,False,False,1437
C101904,US,freelancer,45241.86764118933,11,False,False,False,1087
C101905,IN,salaried,5893.798550602808,5,False,False,False,1313
C101906,IN,salaried,21368.973377800496,3,False,False,False,1672
C101907,IN,salaried,27996.988977979807,5,False,False,False,410
C101908,AE,salaried,8062.324931364646,4,False,False,False,927
C101909,DE,student,10285.94043933894,8,False,False,False,38
C101910,IN,freelancer,14752.09140178627,7,False,False,False,2422
C101911,IN,retired,4736.058472917935,4,False,False,False,1613
C101912,DE,business_owner,91644.08245699831,4,False,False,False,2008
C101913,IN,student,32639.497987096962,9,False,False,False,1933
C101914,IN,business_owner,64405.730658610875,7,False,False,False,20
C101915,IN,student,11971.380206318798,10,False,False,False,1223
C101916,US,salaried,14460.13241910875,5,True,False,False,2175
C101917,UK,salaried,20063.023156540174,8,False,False,False,1440
C101918,US,salaried,22941.140441211344,11,False,False,False,1496
C101919,FR,retired,9049.910044720018,6,False,False,False,2404
C101920,IN,business_owner,38201.95224249497,6,False,False,False,1875
C101921,IN,trader,49179.49322298703,4,False,False,False,1920
C101922,IN,trader,56069.8467061026,5,False,False,False,1998
C101923,IN,retired,7405.128605277012,8,False,False,False,837
C101924,IN,trader,110665.5609788072,3,False,False,False,2433
C101925,IN,salaried,10629.382107182044,4,False,False,False,2126
C101926,IN,trader,40037.393027186474,4,False,False,False,87
C101927,UK,business_owner,104735.6156581268,4,False,False,False,1373
C101928,IN,retired,18888.058830853657,11,False,False,False,622
C101929,IN,retired,32899.85681755294,3,False,False,True,1307
C101930,US,salaried,20000.8869265751,8,False,False,False,2021
C101931,US,retired,8322.875091774793,5,False,False,False,1731
C101932,AE,salaried,7661.151837183669,7,False,False,False,2000
C101933,AE,freelancer,16479.898441627232,10,False,False,False,1076
C101934,UK,trader,35080.4670318048,9,False,False,False,198
C101935,IN,business_owner,128021.63044717132,6,False,False,False,2202
C101936,IN,trader,354341.3796796399,3,False,False,False,202
C101937,US,business_owner,451730.19117080903,3,False,False,False,422
C101938,IN,retired,6048.185566917273,9,False,False,False,1807
C101939,IN,student,15601.67038543018,7,False,False,False,1057
C101940,IN,retired,10358.549508995107,5,False,False,False,1193
C101941,IN,trader,57007.93379625007,11,False,False,False,166
C101942,IN,freelancer,24467.13816671908,5,False,False,False,431
C101943,IN,trader,122079.78904285992,5,False,False,False,1764
C101944,AE,retired,35557.6483399475,5,False,False,False,1417
C101945,DE,freelancer,17996.150902432546,9,False,False,False,679
C101946,IN,trader,26250.63236610908,3,False,False,False,1003
C101947,DE,trader,53612.95355654606,6,False,False,False,1066
C101948,IN,trader,124805.3885299438,7,False,False,False,2307
C101949,DE,freelancer,34125.98960323629,5,False,False,False,2216
C101950,FR,retired,10664.450547430619,7,False,False,False,1202
C101951,IN,trader,123892.46488674897,8,False,False,False,469
C101952,AE,retired,21489.023911621764,3,False,False,False,1421
C101953,JP,retired,5587.454767935036,9,False,False,False,10
C101954,DE,trader,19702.17559702049,7,False,False,False,1619
C101955,JP,student,39454.91611811647,8,False,False,False,1447
C101956,US,business_owner,151057.340634362,9,False,False,False,2247
C101957,IN,student,8898.073174116584,7,False,False,True,1096
C101958,SG,business_owner,117099.69032484318,13,False,False,False,1406
C101959,US,freelancer,28577.23878807079,6,False,False,False,142
C101960,US,business_owner,21637.235265604115,6,False,False,False,2062
C101961,IN,trader,233448.99316543076,6,False,False,False,744
C101962,US,trader,13056.498210819733,7,False,False,False,1894
C101963,IN,retired,26273.17200553056,6,False,False,False,601
C101964,UK,salaried,12007.26695976378,4,False,False,False,872
C101965,IN,student,5801.05043627837,3,False,False,False,655
C101966,UK,student,27939.760142603125,7,False,False,False,2247
C101967,SG,freelancer,18648.0945361011,5,False,False,False,1975
C101968,IN,freelancer,4815.239846484181,5,False,False,False,1761
C101969,IN,retired,11356.497740484474,10,False,False,False,765
C101970,IN,business_owner,229624.13386317046,5,False,False,False,1835
C101971,FR,retired,13514.942851666909,7,False,False,False,1226
C101972,UK,business_owner,11908.71669435547,7,False,False,False,1788
C101973,IN,retired,6594.903035311149,8,False,False,True,667
C101974,IN,business_owner,278105.4880836656,9,False,False,False,1350
C101975,IN,retired,24183.63981211347,9,False,False,False,2376
C101976,IN,retired,35782.25502252514,2,False,False,False,200
C101977,FR,business_owner,68151.70798103928,4,False,False,False,1936
C101978,UK,freelancer,32138.612399642836,13,False,False,False,1746
C101979,IN,trader,96478.70514763743,10,False,False,False,1061
C101980,SG,business_owner,476764.7814047338,8,False,False,False,2275
C101981,IN,freelancer,16332.91148236673,5,False,False,False,1818
C101982,SG,student,35161.70531941022,6,False,False,False,1321
C101983,IN,salaried,16700.436371582084,10,False,False,False,790
C101984,US,student,8622.598607246664,6,False,False,False,1717
C101985,DE,student,13972.573999958904,9,False,False,False,210
C101986,IN,freelancer,4131.974910730432,11,False,False,False,646
C101987,UK,freelancer,2631.5331095228207,4,False,False,False,1079
C101988,JP,trader,50164.160617094145,5,False,False,False,564
C101989,IN,salaried,10277.160445370355,6,False,False,False,1413
C101990,IN,freelancer,11125.642862006292,8,False,False,False,2180
C101991,UK,retired,23900.691619531855,9,False,False,False,876
C101992,IN,business_owner,84518.87934698082,3,False,False,False,1020
C101993,IN,retired,19421.60855790484,8,False,False,False,1006
C101994,IN,retired,51516.16810418974,10,False,False,False,1813
C101995,AE,retired,18994.075502006577,8,False,False,False,1787
C101996,IN,trader,49100.28201249259,17,False,False,False,589
C101997,IN,trader,33709.435072885775,7,False,False,False,2239
C101998,SG,trader,292026.60490945727,4,False,False,False,1620
C101999,IN,student,26087.173192524617,8,False,False,False,2235
C102000,SG,student,2411.9088959996384,4,False,False,False,2189
C102001,IN,trader,533230.0166164759,8,False,False,False,1441
C102002,FR,student,13575.897345236934,3,False,False,False,1760
C102003,US,freelancer,7686.081491138296,3,False,False,False,1575
C102004,IN,trader,19262.805909195707,8,False,False,False,1525
C102005,SG,salaried,48414.899989887905,2,False,False,False,1334
C102006,IN,freelancer,28935.27505855263,8,False,False,False,581
C102007,IN,freelancer,8266.120918937982,5,False,False,False,931
C102008,IN,student,9617.15192678516,4,False,False,False,1764
C102009,UK,retired,5464.878871820167,3,False,False,False,1846
C102010,IN,salaried,21883.662880027012,3,False,False,False,1171
C102011,IN,freelancer,11216.938542981878,7,False,False,False,282
C102012,IN,retired,3372.7154499110966,4,False,False,False,339
C102013,IN,trader,30265.27225127778,11,False,False,False,2235
C102014,IN,trader,51038.11151200558,9,False,False,False,319
C102015,IN,retired,26217.926706760107,6,False,False,False,712
C102016,IN,freelancer,12691.041677135936,5,False,False,False,161
C102017,IN,retired,10292.08246650255,3,False,False,False,550
C102018,US,trader,11925.213128891635,8,False,False,False,2099
C102019,IN,business_owner,70139.23710828392,5,False,False,False,688
C102020,US,freelancer,22107.966156334587,5,False,False,False,2088
C102021,IN,student,9157.442811441346,5,False,False,False,2030
C102022,IN,freelancer,21653.811227189217,5,False,False,False,1751
C102023,IN,retired,4822.557680035815,6,False,False,False,675
C102024,IN,salaried,9667.767740436097,6,False,False,False,2493
C102025,IN,student,5734.225843533236,10,False,False,False,1525
C102026,AE,business_owner,44069.36165797842,4,False,False,False,1925
C102027,IN,student,32058.86516014811,8,False,False,False,861
C102028,IN,trader,330003.29695560975,7,False,False,False,1659
C102029,US,student,22087.76883310229,15,False,False,False,1642
C102030,IN,student,38641.636017978126,4,False,False,False,1494
C102031,IN,retired,13104.302370227259,5,False,False,False,1481
C102032,IN,student,26786.0624541049,5,False,False,False,1759
C102033,IN,freelancer,19375.413011115248,8,False,False,False,2494
C102034,IN,student,14494.229032218178,8,False,False,False,2173
C102035,AE,business_owner,56918.494638588396,8,False,False,False,780
C102036,FR,salaried,48433.96791606249,4,False,False,False,2222
C102037,IN,freelancer,8551.92567094967,12,False,False,False,877
C102038,US,retired,6826.44534556642,9,False,False,False,625
C102039,AE,retired,6551.568843501557,4,False,False,False,500
C102040,IN,freelancer,26798.456694524062,9,False,False,False,1760
C102041,AE,freelancer,29453.185104619697,9,False,False,False,1162
C102042,US,freelancer,9173.49976926328,5,False,False,False,2070
C102043,DE,student,2995.272571907002,5,False,False,False,2094
C102044,JP,student,8330.429396685227,7,False,False,False,1347
C102045,IN,salaried,19604.176798205972,8,False,False,False,531
C102046,IN,freelancer,12750.092464934696,7,False,False,False,284
C102047,IN,trader,59905.89585357087,6,False,False,False,2403
C102048,IN,retired,9261.848291223536,3,False,False,False,771
C102049,IN,freelancer,27169.828418634715,8,False,False,False,37
C102050,JP,student,16987.520432048063,6,False,False,False,995
C102051,IN,trader,16495.55689724088,5,False,False,False,2013
C102052,IN,retired,14933.25640272824,8,False,False,False,233
C102053,SG,salaried,19284.514870429288,8,True,False,False,1730
C102054,IN,student,18416.461340666843,5,False,False,False,1042
C102055,IN,salaried,6976.814807521452,11,False,False,False,2263
C102056,JP,trader,101221.26173701441,12,False,False,False,1124
C102057,IN,student,23249.890942574963,5,False,False,False,1306
C102058,IN,student,29989.39284640018,5,False,False,False,1144
C102059,IN,trader,24252.34139446151,9,False,False,False,1704
C102060,FR,trader,353740.6505467802,8,False,False,False,181
C102061,IN,salaried,7570.9805516014985,9,False,False,False,128
C102062,IN,student,9851.67078991107,9,False,False,False,1457
C102063,IN,salaried,15254.422434434677,5,False,False,False,988
C102064,IN,salaried,12264.138688633311,5,False,False,False,422
C102065,FR,trader,30557.14599827439,11,False,False,False,1927
C102066,IN,salaried,6058.36945471381,7,False,False,False,1874
C102067,JP,salaried,3074.9218262671625,7,False,False,False,276
C102068,IN,freelancer,1504.7281855934991,10,False,False,False,464
C102069,IN,retired,12182.462833854932,6,False,False,False,1957
C102070,SG,business_owner,102553.82952703124,7,False,False,False,1197
C102071,IN,retired,46992.61152100631,8,False,False,False,774
C102072,IN,freelancer,6736.110845778088,9,False,False,False,1325
C102073,SG,business_owner,148305.36593304767,5,False,False,False,885
C102074,IN,retired,4792.437065519295,7,False,False,False,238
C102075,IN,freelancer,5332.22206696521,8,False,False,False,1620
C102076,JP,retired,5777.747510571748,7,False,False,False,1742
C102077,IN,salaried,11408.921555343892,6,False,False,False,200
C102078,IN,business_owner,273507.50698017085,9,False,False,False,627
C102079,IN,business_owner,166903.75078585913,6,False,False,False,1563
C102080,IN,trader,260842.8246943642,11,False,False,False,1894
C102081,IN,student,10553.188847121313,11,False,False,False,2284
C102082,UK,retired,13702.606914770338,5,False,False,False,1511
C102083,IN,freelancer,6212.578122131801,7,False,False,False,238
C102084,UK,freelancer,5212.693996768533,11,False,False,False,885
C102085,IN,student,4678.436995299671,4,False,False,False,636
C102086,IN,trader,72156.60782164725,5,False,False,False,2469
C102087,IN,business_owner,139989.57450223027,4,False,False,False,39
C102088,UK,salaried,3605.500287236145,5,False,False,False,942
C102089,IN,business_owner,269788.940464921,8,False,False,False,1297
C102090,IN,freelancer,5573.759541198309,6,False,False,False,751
C102091,SG,trader,48911.1130584905,5,False,False,False,1828
C102092,US,trader,69938.0931467407,8,False,False,False,332
C102093,IN,trader,106268.74095073766,8,False,False,False,2316
C102094,DE,student,28631.8243925695,5,False,False,False,1003
C102095,IN,student,6846.891846251639,4,False,False,False,923
C102096,IN,salaried,14090.174398582862,7,False,False,False,2308
C102097,IN,salaried,19681.36505933218,6,False,False,False,376
C102098,IN,business_owner,164352.3388100585,7,False,False,False,1175
C102099,IN,student,17201.821038297447,7,False,False,False,77
C102100,UK,trader,68184.0736328866,7,False,False,False,1281
C102101,IN,student,19689.196313270637,10,False,False,False,815
C102102,AE,freelancer,9506.062805447826,4,False,False,True,1852
C102103,FR,freelancer,17062.116172657363,8,False,False,False,1283
C102104,US,business_owner,436608.7017871231,5,False,False,False,1564
C102105,UK,trader,42525.010513691646,3,False,False,False,2252
C102106,UK,salaried,17053.381778817784,6,False,False,False,2376
C102107,JP,freelancer,20941.535437913724,8,False,False,False,545
C102108,IN,business_owner,167146.42634892557,6,False,False,False,1257
C102109,IN,business_owner,94003.4479951923,14,False,False,False,1954
C102110,IN,salaried,13045.056260665566,7,False,False,False,322
C102111,IN,retired,14984.474270371244,8,False,False,False,1204
C102112,IN,student,25653.794317916545,10,False,False,False,1395
C102113,US,trader,22183.13570173396,8,False,False,False,2169
C102114,IN,freelancer,5246.480601246105,10,False,False,False,225
C102115,DE,student,18868.72601316945,6,False,False,False,2158
C102116,IN,freelancer,11565.51865681444,4,False,False,False,598
C102117,IN,freelancer,5737.224362302077,8,False,False,False,2144
C102118,IN,trader,48322.64707081394,9,False,False,False,1638
C102119,IN,freelancer,36380.67880068402,4,False,False,False,1006
C102120,IN,freelancer,4269.193521740803,5,False,False,False,338
C102121,IN,retired,27326.917834355234,12,False,False,False,868
C102122,IN,freelancer,2262.108764781837,10,False,False,False,1851
C102123,IN,freelancer,10095.038645005963,5,False,False,False,522
C102124,IN,salaried,48453.56223555422,6,False,False,False,1675
C102125,IN,student,10616.590160150698,7,False,False,False,574
C102126,IN,student,14227.854078470602,4,False,False,False,207
C102127,IN,business_owner,272106.6363264484,3,False,False,False,1542
C102128,IN,business_owner,101248.67709973328,7,False,False,True,2032
C102129,IN,student,14051.246091108898,2,False,False,False,2405
C102130,IN,business_owner,271696.1301283132,6,False,False,False,1257
C102131,AE,retired,49198.8083310828,7,False,False,False,1516
C102132,JP,retired,5625.029200738368,13,False,False,False,1705
C102133,DE,student,10228.390124571237,9,True,False,False,1033
C102134,IN,salaried,6975.441808635842,3,False,False,False,95
C102135,IN,trader,35817.30790504824,7,False,False,False,609
C102136,IN,freelancer,29412.702238386002,8,False,False,False,951
C102137,AE,student,13611.306020485468,3,False,False,False,1631
C102138,AE,business_owner,28149.805964241386,2,False,False,False,765
C102139,SG,business_owner,185522.68120181194,11,False,False,False,531
C102140,DE,business_owner,269965.9072314643,20,False,False,False,2263
C102141,IN,retired,9588.672911948419,12,False,False,False,237
C102142,AE,student,5513.132536361485,5,False,False,False,1971
C102143,AE,salaried,11146.594678090101,8,False,False,False,238
C102144,IN,business_owner,86254.53899856222,9,False,False,False,804
C102145,DE,business_owner,59508.1439555005,7,False,False,False,2126
C102146,IN,student,14891.299264802547,10,False,False,False,2105
C102147,JP,trader,16411.212190580543,8,False,True,True,958
C102148,AE,business_owner,150218.10270852837,7,False,False,False,48
C102149,IN,business_owner,165240.2240186169,7,False,False,False,2351
C102150,US,freelancer,60538.60918544718,10,False,False,False,2222
C102151,IN,trader,32624.959846185888,5,False,False,False,1244
C102152,AE,salaried,6387.746769203884,13,False,False,False,76
C102153,AE,retired,7043.684673747383,12,False,False,False,1730
C102154,US,trader,5249.146135974653,9,False,False,False,1958
C102155,SG,business_owner,146476.05724366798,7,False,False,False,2068
C102156,IN,retired,10107.464510427255,4,False,False,False,1828
C102157,IN,retired,15800.106674097273,10,False,False,False,2186
C102158,IN,salaried,54061.476586146884,9,False,False,False,1278
C102159,IN,salaried,13262.219647777238,9,False,False,False,410
C102160,IN,salaried,21902.89513976836,6,False,False,False,1725
C102161,IN,retired,19231.301644435855,3,False,False,False,545
C102162,IN,freelancer,8850.664799894284,10,False,False,False,1576
C102163,IN,retired,28040.72543420837,5,False,False,False,379
C102164,SG,freelancer,7370.268629946163,8,False,False,False,102
C102165,IN,trader,27584.34328852854,8,False,False,False,1116
C102166,DE,freelancer,8855.414194667046,5,False,False,False,1482
C102167,IN,retired,9560.760906657693,5,False,False,False,391
C102168,IN,trader,565558.7306774572,11,False,False,False,1963
C102169,IN,student,6995.472355622526,4,False,False,False,1628
C102170,IN,student,9909.656595175802,7,False,False,False,2002
C102171,IN,retired,2435.8620791259955,11,False,False,False,910
C102172,IN,student,11346.53126949261,8,False,False,False,1649
C102173,IN,trader,192249.0038360048,11,False,False,False,2410
C102174,IN,salaried,23225.538950419726,4,False,False,False,459
C102175,US,trader,12663.54228311071,9,False,False,False,2042
C102176,IN,retired,8140.881929136901,10,False,False,False,1574
C102177,AE,retired,9691.596690014767,8,False,False,False,1812
C102178,IN,trader,58026.83717032515,5,False,False,False,1566
C102179,FR,business_owner,97717.72435866589,12,False,False,False,1723
C102180,AE,trader,33316.20930395628,4,False,False,False,1950
C102181,FR,retired,8072.08857051478,6,False,False,False,103
C102182,SG,salaried,6063.188488238576,9,True,False,False,84
C102183,IN,business_owner,234672.94229095342,10,False,False,False,213
C102184,IN,business_owner,362758.8977145392,6,False,False,False,2324
C102185,IN,retired,15398.607030585335,6,False,False,False,1083
C102186,AE,trader,14375.728677658155,10,False,False,False,2478
C102187,US,salaried,27694.422148237383,8,False,False,False,2287
C102188,IN,business_owner,259291.54328588917,6,False,False,False,865
C102189,DE,salaried,12686.440979714782,6,False,False,False,239
C102190,IN,trader,16854.866906756277,4,False,False,False,2108
C102191,US,student,5376.761705227372,8,False,False,False,1053
C102192,UK,freelancer,21755.126659689675,5,False,False,False,748
C102193,IN,student,14515.523892871317,3,False,False,False,1985
C102194,US,retired,21075.919535743495,4,False,False,False,1207
C102195,AE,student,6018.61861806008,5,False,False,False,802
C102196,IN,business_owner,322453.0959963953,5,False,False,False,994
C102197,IN,student,15423.37866774073,10,False,False,False,2323
C102198,IN,business_owner,292139.44190429844,5,False,False,False,759
C102199,US,trader,143425.95708055492,6,False,False,False,2337
C102200,IN,retired,30715.640119229076,7,False,False,False,1475
C102201,FR,business_owner,57137.95370212727,6,False,False,False,147
C102202,DE,business_owner,22378.149696096527,5,False,False,False,286
C102203,IN,salaried,22121.622120817432,13,False,False,False,1542
C102204,IN,salaried,1782.023675864474,9,False,False,False,346
C102205,US,freelancer,21333.352340574264,7,False,False,False,368
C102206,UK,student,3607.938257683923,6,False,False,False,1159
C102207,IN,business_owner,115786.94852617873,8,False,False,False,1105
C102208,IN,trader,37362.43400886488,4,False,False,False,2353
C102209,IN,student,11488.156952970501,11,False,False,False,2245
C102210,JP,retired,24032.337274510926,7,False,False,False,2325
C102211,IN,salaried,3640.5160239010397,5,False,False,False,188
C102212,SG,freelancer,10387.560020969839,8,False,False,False,2010
C102213,IN,salaried,9326.7496956101,7,False,False,False,2343
C102214,DE,business_owner,55141.457918356806,9,False,False,False,1531
C102215,IN,business_owner,312733.7621466718,9,False,False,False,2486
C102216,IN,freelancer,5860.252794938534,7,False,False,False,2008
C102217,DE,business_owner,273442.38772683946,1,False,False,False,1677
C102218,FR,business_owner,71255.54925298647,12,False,False,False,1017
C102219,IN,business_owner,94289.17994132993,6,False,False,False,893
C102220,IN,trader,27309.218406232012,12,False,False,False,990
C102221,IN,freelancer,11081.702714981293,7,False,False,False,631
C102222,IN,trader,83427.97677690284,7,False,False,False,1448
C102223,IN,business_owner,137493.49689738592,15,False,False,False,1084
C102224,DE,freelancer,4035.362802638072,10,False,False,False,746
C102225,IN,freelancer,8313.73960472953,8,False,False,False,453
C102226,UK,salaried,35328.29620776242,10,False,False,False,1292
C102227,IN,student,10231.217443577221,2,False,False,False,55
C102228,IN,student,12428.188759940851,12,False,False,False,936
C102229,US,freelancer,14740.704398008935,11,False,False,False,161
C102230,IN,freelancer,63114.068310285766,4,False,False,False,842
C102231,US,retired,13442.98032668962,4,False,False,False,1660
C102232,IN,trader,40705.637984098554,12,False,False,False,1596
C102233,FR,trader,30583.35237983853,7,False,False,False,56
C102234,UK,trader,98583.42367992047,10,False,False,False,1771
C102235,SG,salaried,13477.634760193141,9,False,False,False,757
C102236,IN,student,7770.633260165002,7,False,False,False,1192
C102237,IN,business_owner,103389.43593719581,5,False,False,False,1692
C102238,IN,business_owner,73489.51659237972,9,False,False,False,95
C102239,IN,student,7629.249877838779,10,False,False,False,441
C102240,IN,freelancer,13360.559456154448,5,False,False,False,417
C102241,IN,freelancer,21941.02577009709,7,False,False,False,834
C102242,IN,business_owner,79559.27333047231,5,False,False,False,44
C102243,IN,business_owner,103502.48161123274,5,False,False,False,83
C102244,IN,retired,14059.005577459739,5,False,False,False,1283
C102245,IN,trader,164192.29316515016,9,False,False,False,285
C102246,IN,salaried,3275.7316769967224,9,False,False,False,1091
C102247,US,student,10285.303293730432,5,False,False,False,568
C102248,IN,trader,119401.43244182174,10,False,False,False,2488
C102249,IN,retired,45330.77828773362,6,False,False,False,319
C102250,IN,trader,23985.496036240806,4,False,False,False,1202
C102251,AE,freelancer,29388.283757341334,4,False,False,False,1182
C102252,IN,retired,5730.893885287279,6,False,False,False,1847
C102253,US,student,12224.82810181433,6,False,False,False,321
C102254,FR,business_owner,111745.39717639434,5,False,False,False,2411
C102255,IN,retired,7176.639488894999,12,False,False,False,766
C102256,DE,student,26256.158244110185,6,False,False,False,92
C102257,AE,freelancer,22321.876939255275,3,False,False,False,1810
C102258,IN,salaried,16192.550243102896,6,False,False,False,1358
C102259,IN,business_owner,1131994.9673842413,5,False,False,False,1636
C102260,UK,business_owner,33391.937123002615,7,False,False,False,2279
C102261,JP,salaried,46293.90110817231,5,False,False,False,960
C102262,IN,retired,20791.588033170963,8,False,False,False,2270
C102263,IN,student,16956.9199693498,7,False,False,False,2328
C102264,US,freelancer,10006.650253135871,4,False,False,True,1371
C102265,IN,freelancer,13718.631353291865,15,False,False,False,1969
C102266,AE,retired,14992.451033620815,12,False,False,False,89
C102267,IN,trader,64822.22585979778,13,False,False,False,1519
C102268,UK,trader,74195.15183991175,8,False,False,False,205
C102269,SG,freelancer,7725.408123577171,12,False,False,False,1094
C102270,US,business_owner,96946.533691404,9,False,False,False,1875
C102271,US,salaried,14171.619202145112,11,False,False,False,154
C102272,AE,freelancer,3932.1745162779744,4,False,False,False,1019
C102273,SG,retired,10651.300789139903,9,False,False,False,1035
C102274,SG,salaried,9354.072780351667,6,False,False,False,599
C102275,IN,business_owner,123108.26540137049,8,False,False,False,1365
C102276,US,business_owner,171091.72241410555,6,False,False,False,2021
C102277,IN,retired,3424.759616492345,7,False,False,False,2477
C102278,SG,freelancer,65639.27638986606,8,False,False,False,2265
C102279,US,freelancer,11348.574140346278,7,False,False,False,2379
C102280,IN,freelancer,17042.509787235584,7,False,False,False,512
C102281,IN,business_owner,297201.7326852362,9,False,False,False,284
C102282,IN,retired,26844.33522675175,5,False,False,False,461
C102283,UK,salaried,13753.25462995826,4,False,False,False,2448
C102284,IN,salaried,12797.086568550343,6,False,False,False,550
C102285,IN,retired,3442.0772489722094,5,False,False,False,1887
C102286,SG,freelancer,14067.996850165664,7,False,False,False,1017
C102287,AE,business_owner,12760.887820545699,7,False,False,False,1706
C102288,IN,trader,35971.268253969174,6,False,False,False,1883
C102289,IN,salaried,30392.147312917063,13,False,False,False,2259
C102290,JP,retired,29526.0032546488,7,False,False,False,221
C102291,UK,retired,8529.049739245664,8,False,False,False,816
C102292,US,business_owner,110946.57856055896,3,False,False,False,299
C102293,IN,trader,125920.60160023312,6,False,False,False,1001
C102294,IN,business_owner,199284.1547544683,7,False,False,False,915
C102295,IN,trader,19611.903990562492,4,False,False,False,2178
C102296,UK,business_owner,301786.0303915416,7,False,False,False,1760
C102297,IN,business_owner,68300.66104419941,8,False,False,False,264
C102298,IN,trader,69292.7654960659,4,False,True,True,1116
C102299,UK,student,5142.206105828261,8,False,False,False,1774
C102300,FR,retired,41707.44760795328,9,False,False,False,1853
C102301,AE,business_owner,549559.5253781729,9,False,False,False,2025
C102302,IN,student,24254.48512128528,10,False,False,False,565
C102303,IN,business_owner,48130.38039190715,4,False,False,False,2213
C102304,IN,student,6597.1270934487375,4,False,False,False,2259
C102305,IN,business_owner,110076.86194243682,5,False,False,False,551
C102306,IN,freelancer,52044.23632582762,8,False,False,False,1652
C102307,IN,business_owner,146351.4122711971,10,False,False,False,1699
C102308,US,retired,2568.5151593893543,11,False,False,False,2199
C102309,DE,business_owner,82463.2791160103,10,False,False,False,218
C102310,JP,student,38190.88599203926,12,False,False,False,584
C102311,IN,salaried,42678.51798837654,9,False,False,False,2153
C102312,IN,freelancer,27635.144772051746,3,False,False,False,94
C102313,IN,salaried,30978.967146913947,10,False,False,False,1207
C102314,IN,student,13864.041875471643,10,False,False,False,737
C102315,IN,trader,16524.66160723342,10,False,False,False,1562
C102316,IN,retired,13623.026010200057,8,False,False,False,1185
C102317,AE,student,20642.367979290648,4,False,False,False,2129
C102318,IN,freelancer,12152.75242808113,9,False,False,False,198
C102319,DE,salaried,11771.241996235412,10,False,False,False,1267
C102320,IN,business_owner,186087.17053519702,8,False,False,False,1298
C102321,IN,business_owner,10605.405828138224,5,False,False,False,1274
C102322,IN,student,48373.33254269032,10,False,False,False,198
C102323,IN,student,49614.70094985056,4,False,False,False,1164
C102324,IN,trader,42186.824094606745,2,False,False,False,2202
C102325,JP,student,16269.810022045627,6,False,False,False,1503
C102326,IN,business_owner,63180.896986290936,5,False,False,False,276
C102327,IN,retired,20948.08252602854,8,False,False,False,1794
C102328,US,trader,466960.6577575967,7,False,False,False,2321
C102329,IN,business_owner,122849.56109017253,10,False,False,False,2013
C102330,US,business_owner,74417.90055406878,8,False,False,False,238
C102331,IN,trader,39615.22032285011,3,False,False,False,79
C102332,AE,trader,46895.01265148912,9,False,False,False,444
C102333,IN,business_owner,120753.12322059738,8,False,False,False,873
C102334,IN,trader,446276.34211788006,11,False,False,False,2313
C102335,UK,salaried,11345.329330562012,8,False,False,False,1084
C102336,SG,student,21401.612968073012,5,False,False,False,2425
C102337,IN,trader,62016.17886308855,7,False,False,False,251
C102338,US,salaried,8582.83274663116,7,False,False,True,1905
C102339,IN,freelancer,16148.297575564775,9,False,False,False,1880
C102340,IN,student,21376.54709608966,6,False,False,False,2398
C102341,IN,trader,19403.362256786004,9,False,False,False,1309
C102342,UK,student,7209.631744816758,8,False,False,False,1515
C102343,IN,freelancer,9657.668597863043,10,False,False,False,9
C102344,UK,retired,9709.546015605096,4,False,False,False,2204
C102345,IN,business_owner,83314.17074419334,7,False,False,False,1580
C102346,SG,salaried,16638.552262322253,6,False,False,False,1753
C102347,SG,trader,18530.089415554346,6,False,False,False,850
C102348,IN,student,26520.20888086187,6,False,False,False,198
C102349,IN,retired,7329.5130212895665,10,False,False,False,1818
C102350,IN,retired,8917.446516623004,4,False,False,False,1833
C102351,SG,student,39663.974697426,6,False,False,False,453
C102352,IN,trader,8929.346026790228,3,False,False,False,2062
C102353,IN,business_owner,248534.9897481049,6,False,False,False,8
C102354,IN,student,11818.571096400212,11,False,False,False,1634
C102355,AE,freelancer,29528.806963883344,11,False,False,False,221
C102356,IN,business_owner,85077.74434371608,4,False,False,False,1881
C102357,IN,business_owner,90558.28452770121,11,False,False,False,1103
C102358,JP,student,13610.506741101455,8,False,False,False,821
C102359,IN,salaried,7253.902042027751,5,False,False,False,1871
C102360,SG,salaried,51413.14481410709,7,False,False,False,2009
C102361,IN,retired,24328.80416345025,5,False,False,False,1511
C102362,IN,salaried,9704.43923628395,9,False,False,False,1834
C102363,SG,business_owner,106949.3918626999,7,False,False,False,42
C102364,US,student,9182.674300424074,5,False,False,False,2054
C102365,UK,trader,49278.333135242,6,False,False,False,1481
C102366,IN,retired,37601.49963789252,11,False,False,False,397
C102367,IN,trader,114268.86704663048,7,False,False,False,1208
C102368,IN,salaried,20075.00548649243,9,False,False,False,1569
C102369,IN,business_owner,360753.01175360003,8,False,False,False,1992
C102370,IN,retired,83319.37879635161,8,False,False,False,1297
C102371,IN,salaried,7945.724129853794,7,False,False,False,645
C102372,IN,freelancer,36416.61093485946,4,False,False,False,639
C102373,IN,trader,82910.65016030085,8,False,False,False,1798
C102374,IN,trader,455269.9585222498,9,False,False,False,2156
C102375,IN,student,12283.460738774122,7,False,False,False,1581
C102376,SG,freelancer,13382.79670003545,4,False,False,False,1998
C102377,US,freelancer,6366.319943956877,9,False,False,False,1559
C102378,IN,trader,25105.04475724751,7,False,False,False,1230
C102379,UK,trader,46142.41383444507,8,False,False,False,1016
C102380,SG,retired,15783.817066724954,6,False,False,False,1225
C102381,IN,salaried,9142.68273672717,4,False,False,False,37
C102382,IN,business_owner,93547.85840619486,7,False,False,False,1448
C102383,IN,freelancer,13317.305718448195,10,False,False,False,473
C102384,IN,freelancer,15554.80913984316,8,False,False,False,2250
C102385,AE,salaried,29053.130924624213,8,False,False,False,2111
C102386,JP,retired,16161.026116546476,9,False,False,False,1237
C102387,IN,freelancer,5004.597955539149,7,False,False,False,1544
C102388,UK,business_owner,68809.79404381248,11,False,False,False,99
C102389,IN,retired,15006.140089496603,5,False,False,False,1447
C102390,US,student,29345.284250998604,6,False,False,False,2126
C102391,AE,trader,232763.34979741706,8,False,False,False,1316
C102392,IN,business_owner,176321.21218076718,5,False,False,False,2152
C102393,IN,business_owner,60889.60688408282,4,False,False,False,196
C102394,US,freelancer,22795.454313532082,6,False,False,False,2437
C102395,JP,salaried,4826.500384330599,9,False,False,False,872
C102396,IN,trader,36556.50890234886,6,False,False,False,72
C102397,IN,salaried,6293.767449512299,4,False,False,False,1549
C102398,IN,salaried,12787.489165306644,10,False,False,False,1538
C102399,US,trader,38191.104818626576,7,False,False,False,318
C102400,US,retired,16522.658583529217,8,False,False,False,870
C102401,AE,student,7297.81849791272,6,False,False,False,2302
C102402,AE,salaried,17773.2945616665,9,False,False,False,476
C102403,DE,business_owner,176238.4894890136,7,False,False,False,186
C102404,AE,trader,61784.43726735002,7,False,False,False,2055
C102405,IN,freelancer,58232.4287390607,6,False,False,False,1701
C102406,US,student,28191.292097923826,5,False,False,False,1249
C102407,IN,retired,17015.426240651443,5,False,False,False,756
C102408,IN,freelancer,10155.022572683345,8,False,False,False,2178
C102409,FR,salaried,10747.703275290462,9,False,False,False,2159
C102410,UK,salaried,39329.781379495034,8,False,False,False,7
C102411,JP,salaried,16557.662694894698,10,False,False,False,2067
C102412,IN,freelancer,1543.8528164937734,13,False,False,False,1184
C102413,IN,business_owner,627770.0228681747,6,False,False,False,836
C102414,IN,business_owner,44141.47944094299,7,False,False,False,874
C102415,IN,retired,16989.627742107434,8,False,False,False,1157
C102416,IN,retired,28586.400290711015,7,False,False,True,1436
C102417,IN,trader,9838.833446379032,9,False,False,False,2397
C102418,IN,student,22535.25007852519,6,False,False,False,67
C102419,FR,retired,9930.77274101231,5,False,False,False,1521
C102420,IN,retired,5648.488539524528,5,False,False,False,168
C102421,IN,student,16255.11564324783,7,False,False,False,19
C102422,AE,business_owner,28702.43394342711,8,False,False,False,761
C102423,IN,retired,8489.099511984648,8,False,False,False,1944
C102424,DE,student,8025.531719028719,7,False,False,False,867
C102425,UK,student,31404.7201003369,6,False,False,False,906
C102426,IN,freelancer,9700.45777232618,6,True,False,False,2256
C102427,UK,retired,10022.702614896056,7,False,False,False,693
C102428,US,student,10288.674528702491,11,False,False,False,1920
C102429,AE,student,12765.65082264125,6,False,False,False,2081
C102430,AE,student,4440.193932079023,8,False,False,False,1621
C102431,UK,retired,9158.721935312971,5,False,False,False,2418
C102432,US,trader,50275.867515329606,10,False,False,False,2459
C102433,IN,retired,15619.36165377043,10,False,False,False,159
C102434,UK,trader,102757.89505842645,7,False,False,False,429
C102435,FR,retired,48415.46447108171,6,False,False,False,978
C102436,US,retired,38512.510389139534,9,False,False,False,1666
C102437,US,student,25342.970401592014,11,False,False,False,702
C102438,IN,freelancer,12038.74871893117,6,False,False,False,1595
C102439,AE,trader,34336.84000092349,8,False,False,False,2244
C102440,JP,salaried,13527.973108763485,8,False,False,False,20
C102441,IN,freelancer,20128.764462689647,5,False,False,False,2169
C102442,IN,freelancer,23750.44292522314,4,False,False,False,1217
C102443,IN,freelancer,20664.241329764685,7,False,False,False,2253
C102444,IN,retired,12273.247468384874,7,False,False,False,1702
C102445,US,student,23174.401570258353,7,False,False,False,111
C102446,IN,salaried,32293.16101655312,7,False,False,False,2256
C102447,IN,trader,533880.3327575185,9,False,False,False,130
C102448,US,retired,13063.676366078957,7,False,False,False,629
C102449,US,retired,7452.508120945745,8,False,False,False,1380
C102450,US,retired,7329.7947962065045,6,False,False,False,2260
C102451,UK,retired,8292.839109351913,5,False,False,False,421
C102452,US,student,15993.739430763335,5,False,False,False,1347
C102453,AE,student,19222.997495936892,7,False,False,False,286
C102454,US,freelancer,4963.30623573774,9,False,False,False,852
C102455,IN,business_owner,63905.282183797615,7,False,False,False,654
C102456,US,freelancer,15840.09758017106,8,False,False,False,1072
C102457,IN,retired,7116.875422506168,5,False,False,False,1774
C102458,IN,salaried,18101.189026022363,4,False,False,False,1802
C102459,IN,retired,10773.020613769671,8,False,False,False,1680
C102460,SG,freelancer,8051.436565488374,4,False,False,False,73
C102461,UK,student,13866.67561251358,10,False,False,False,1964
C102462,IN,business_owner,26727.95038150659,9,False,False,False,1618
C102463,US,student,7376.31713627515,3,False,False,False,161
C102464,IN,trader,18311.829154186842,9,False,False,False,2367
C102465,UK,freelancer,18534.23541977634,3,False,False,False,1917
C102466,AE,freelancer,7836.416044766343,6,False,False,False,1731
C102467,US,freelancer,4186.290136261363,4,False,False,False,1229
C102468,US,student,4556.902101896331,9,False,False,False,1987
C102469,IN,business_owner,220291.69157873528,6,False,False,False,785
C102470,IN,retired,5308.726243178833,6,False,False,False,1813
C102471,SG,student,10473.407173056166,3,False,False,False,1527
C102472,UK,business_owner,96911.55079683776,14,False,False,False,1527
C102473,IN,business_owner,38071.69832021777,6,False,False,False,1999
C102474,IN,trader,116016.9678457987,8,False,False,False,437
C102475,IN,retired,59433.49218736589,3,False,False,False,264
C102476,IN,student,17777.538511890147,8,False,False,False,1390
C102477,IN,retired,10327.791027847095,8,False,False,False,2019
C102478,IN,retired,11970.279589960846,9,False,False,False,637
C102479,FR,trader,33396.17253854169,5,False,False,False,1425
C102480,IN,freelancer,43784.727635505165,10,False,False,False,2393
C102481,IN,business_owner,232808.89351145067,7,False,False,False,1552
C102482,IN,trader,42994.16148111402,5,False,False,False,201
C102483,IN,business_owner,62122.34615405147,1,False,False,False,2197
C102484,AE,salaried,14359.502867626103,10,False,False,False,2440
C102485,IN,student,4994.131694953399,3,False,False,False,1776
C102486,AE,retired,9656.168014387977,3,False,False,False,1528
C102487,AE,freelancer,7072.16256526253,3,False,False,False,1460
C102488,IN,salaried,28335.946080646012,6,False,False,False,1560
C102489,US,salaried,9359.269568220201,7,False,False,False,843
C102490,FR,salaried,17638.710563890574,7,False,False,False,1613
C102491,IN,retired,4346.540841204989,5,False,False,False,1278
C102492,IN,business_owner,649787.6951939509,4,False,False,False,1981
C102493,DE,business_owner,22141.740394514534,8,False,False,False,2092
C102494,SG,student,9917.399810555205,2,False,False,False,1775
C102495,IN,student,62808.25557263219,3,False,False,False,2489
C102496,US,retired,25655.726064541464,11,False,False,False,1124
C102497,IN,business_owner,127763.2463814043,8,False,False,False,1891
C102498,AE,freelancer,125399.42688158654,8,False,False,False,860
C102499,IN,business_owner,105378.6963277034,3,False,False,False,1976
